id,level,position,no,title,bullets
1-1,1,1,I,Hỏi - đáp thông tin cá nhân cơ bản,"Có thể nghe hiểu các câu hỏi đơn giản hoặc phần giới thiệu đơn giản về thông tin cá nhân trong các tình huống như tụ họp, nhập học, tham gia hoạt động…, ví dụ: họ tên, quốc tịch, tuổi, giới tính, sở thích, thói quen, thân phận, thành viên gia đình, bạn bè, kỹ năng…¶Có thể hỏi và trả lời các câu hỏi đơn giản về thông tin cá nhân trong những tình huống trên.¶Có thể giới thiệu đơn giản các thông tin cá nhân nói trên.¶Có thể nhận biết các thông tin cá nhân nói trên trên danh thiếp, chứng minh thư, thẻ sinh viên, tài liệu ngắn gọn…"
1-2,1,2,II,Hỏi - đáp thông tin sự việc,"Có thể nghe hiểu các câu hỏi đơn giản hoặc phần giới thiệu đơn giản về thông tin sự việc trong sinh hoạt hằng ngày, như: ngày tháng, thời gian, địa điểm, phương hướng, người tham gia hoạt động, số điện thoại…¶Có thể hỏi người thân, bạn bè, bạn học… về các thông tin sự việc đơn giản nói trên; có thể trả lời các câu hỏi liên quan trong giao tiếp hằng ngày.¶Có thể giới thiệu đơn giản các thông tin sự việc nói trên cho người khác.¶Có thể đọc hiểu các thông tin sự việc đơn giản xuất hiện ở nơi công cộng như bệnh viện, rạp chiếu phim, thư viện…"
1-3,1,3,III,Hỏi - đáp thông tin đồ vật,"Có thể nghe hiểu các câu hỏi đơn giản hoặc phần giới thiệu đơn giản về thông tin đồ vật trong các bối cảnh như gia đình, ký túc xá, trung tâm thương mại, trường học…, ví dụ: tên đồ dùng sinh hoạt hằng ngày, đồ dùng học tập, đặc điểm về kích thước, số lượng, tốt/xấu, mới/cũ…¶Có thể hỏi và trả lời các câu hỏi đơn giản về thông tin đồ vật trong giao tiếp hằng ngày.¶Có thể giới thiệu đơn giản thông tin đồ vật, như nói tên đồ vật và mô tả sơ lược đặc điểm.¶Có thể đọc hiểu tên một số đồ vật đơn giản và mô tả đơn giản về kích thước, số lượng, sự sở hữu… trong các tình huống sinh hoạt quen thuộc."
1-4,1,4,IV,Hỏi - đáp về thời tiết,"Có thể nghe hiểu các câu hỏi đơn giản về thời tiết (tốt/xấu, nóng/lạnh…) trong giao tiếp hằng ngày, hoặc phần giới thiệu đơn giản về thời tiết của một địa phương nào đó.¶Có thể hỏi và trả lời các câu hỏi đơn giản về thời tiết (tốt/xấu, nóng/lạnh…) của một địa phương.¶Có thể giới thiệu đơn giản tình hình thời tiết của một địa phương, như nóng/lạnh, tốt/xấu, mưa/tuyết…, và bày tỏ đơn giản sở thích về thời tiết.¶Có thể đọc hiểu phần giới thiệu đơn giản về tình hình thời tiết của một địa phương, như nóng/lạnh, mưa/tuyết…"
1-5,1,5,V,Hỏi - đáp thông tin môi trường,"Có thể nghe hiểu các câu hỏi đơn giản về việc một địa điểm nào đó như thế nào, hoặc phần giới thiệu đơn giản về môi trường hay địa điểm quen thuộc, như trường học, rạp chiếu phim, siêu thị…¶Có thể hỏi và trả lời các câu hỏi đơn giản về thông tin môi trường hoặc địa điểm, như kích thước, tốt/xấu, phương hướng…; có thể hỏi hoặc bày tỏ sự thích hoặc không thích đối với môi trường đó.¶Có thể giới thiệu đơn giản thông tin về một môi trường hay địa điểm, như kích thước, phương hướng, sở thích cá nhân…¶Có thể nhận biết tên địa điểm, phương hướng và các thông tin đơn giản khác trên các biển chỉ dẫn hằng ngày."
1-6,1,6,VI,Giao tiếp ngôn ngữ hằng ngày,"Có thể nghe hiểu các câu chào hỏi, lời nói lịch sự đơn giản trong các tình huống như tụ họp, chia tay, làm quen bạn mới…, và có thể đáp lại bằng những lời lịch sự đơn giản, như: xin chào, cảm ơn, xin lỗi, tạm biệt…¶Có thể nghe hiểu các câu hỏi hoặc yêu cầu đơn giản trong giao tiếp hằng ngày; có thể đưa ra các câu hỏi hoặc yêu cầu đơn giản với người khác, như giới thiệu lẫn nhau, nhờ giúp đỡ, đưa ra lựa chọn, gọi và nhận điện thoại…¶Có thể nghe hiểu cách người khác diễn đạt đơn giản về nhu cầu hoặc tâm trạng của họ; có thể diễn đạt đơn giản nhu cầu hoặc tâm trạng của bản thân, như muốn gì, có vui hay không…¶Có thể đọc hiểu những lời lịch sự đơn giản và cách thể hiện ý định của đối phương trên mạng xã hội, tin nhắn, email."
1-7,1,7,VII,Hỏi - đáp về sở thích ăn uống,"Có thể nghe hiểu những diễn đạt đơn giản của người khác về việc ăn uống, như mong muốn ăn uống, người cùng ăn, món ăn yêu thích, ba bữa trong ngày, chất lượng ăn uống, thời gian và địa điểm ăn uống…¶Có thể hỏi và trả lời các câu hỏi đơn giản về ăn uống hằng ngày, việc ăn cơm, nấu ăn…¶Có thể giới thiệu đơn giản sở thích ăn uống và tình hình nấu ăn của bản thân, như món ăn yêu thích, ba bữa trong ngày…¶Có thể đọc hiểu tên một số thực phẩm thông dụng ở nhà hàng, siêu thị…, như nước, sữa, táo, bánh bao, bánh chẻo, mì…"
1-8,1,8,VIII,Hỏi - đáp thông tin đi lại,"Có thể nghe hiểu các câu hỏi đơn giản của người khác về phương thức đi lại và kế hoạch di chuyển, hoặc phần giới thiệu đơn giản về thông tin đi lại hằng ngày, như đi làm, đi học, ra ngoài bằng cách nào, thời gian, điểm đến…¶Có thể hỏi và trả lời các câu hỏi đơn giản về việc đi lại và kế hoạch di chuyển hằng ngày.¶Có thể giới thiệu đơn giản thông tin đi lại của bản thân, gia đình hoặc bạn bè.¶Có thể giao tiếp đơn giản khi hỏi đường, như hỏi hoặc xác nhận địa điểm, vị trí với người khác.¶Có thể đọc hiểu các thông tin cơ bản của những phương tiện đi lại phổ biến như tàu hỏa, máy bay."
1-9,1,9,IX,Hỏi - đáp thông tin hàng hóa,"Có thể nghe hiểu nhân viên bán hàng ở siêu thị, cửa hàng, hoặc bạn bè, bạn học giới thiệu đơn giản về hàng hóa, như tên sản phẩm, giá cả; có thể nghe hiểu các câu hỏi đơn giản về ý định mua sắm.¶Có thể hỏi và trả lời các câu hỏi đơn giản về thông tin hàng hóa, như giá cả, còn hàng hay không.¶Có thể bày tỏ đơn giản ý định mua sắm; có thể giới thiệu đơn giản thông tin về sản phẩm đã mua, như tên, giá…¶Có thể đọc hiểu các nhãn thông tin đơn giản của hàng hóa hằng ngày, như tên, giá, ngày tháng…"
1-10,1,10,X,"Thông báo bị bệnh, thăm người bệnh","Có thể nghe hiểu cách người khác nói đơn giản về việc bị bệnh hoặc muốn đi khám bệnh; có thể nghe hiểu những chỉ dẫn y tế đơn giản về ăn uống, ngủ nghỉ; có thể nghe hiểu lời an ủi đơn giản từ gia đình, bạn bè, như nghỉ ngơi nhiều hơn…¶Có thể thông báo cho người khác khi bản thân bị bệnh, và diễn đạt đơn giản mong muốn đi khám bệnh.¶Có thể bày tỏ đơn giản mong muốn đi thăm người thân, bạn bè khi họ bị bệnh, và nói lời an ủi đơn giản."
1-11,1,11,XI,Giao tiếp về hoạt động giải trí,"Có thể nghe hiểu các câu hỏi đơn giản của người khác về hoạt động giải trí hằng ngày, hoặc phần giới thiệu đơn giản về sở thích giải trí của ai đó, như đọc sách, hát, xem tivi…¶Có thể hỏi và trả lời các câu hỏi đơn giản về sở thích và sắp xếp hoạt động giải trí hằng ngày của bản thân, gia đình hoặc bạn bè.¶Có thể giới thiệu đơn giản sở thích và kế hoạch hoạt động giải trí của bản thân.¶Có thể đọc hiểu các thông tin đơn giản về hoạt động giải trí hằng ngày, như thời gian và địa điểm hoạt động."
1-12,1,12,XII,Giới thiệu tình hình học tập,"Có thể nghe hiểu các câu hỏi đơn giản của bạn học, thầy cô, gia đình về tình hình học tập, hoặc phần giới thiệu đơn giản của bạn bè về việc học, như trường học, môn học, thời gian lên lớp…¶Có thể hỏi và trả lời các câu hỏi đơn giản về tình hình học tập.¶Có thể giới thiệu đơn giản tình hình học tập của bản thân cho thầy cô, bạn học, gia đình.¶Có thể đọc hiểu các thông tin đơn giản về môn học, thời gian trong thời khóa biểu."
1-13,1,13,XIII,"Giao tiếp về tình hình trường học, hoạt động sau giờ học","Có thể nghe hiểu các câu hỏi đơn giản của gia đình, bạn bè, bạn học về tình hình trường học và hoạt động sau giờ học, hoặc phần giới thiệu đơn giản về việc học tập và hoạt động sau giờ học.¶Có thể hỏi và trả lời các câu hỏi đơn giản về tình hình trường học và hoạt động sau giờ học.¶Có thể giới thiệu đơn giản tình hình trường học và hoạt động sau giờ học của bản thân.¶Có thể đọc hiểu các thông tin đơn giản liên quan đến học tập hoặc hoạt động sau giờ học trong thời khóa biểu, bảng thông tin học sinh…"
1-14,1,14,XIV,Giao tiếp về thông tin công việc,"Có thể nghe hiểu các câu hỏi đơn giản của gia đình, đồng nghiệp, bạn bè về công việc, hoặc phần giới thiệu đơn giản của người khác về công việc.¶Có thể hỏi và trả lời các câu hỏi đơn giản về công việc hoặc nghề nghiệp.¶Có thể giới thiệu đơn giản nghề nghiệp hoặc nội dung công việc của bản thân, gia đình, bạn bè.¶Có thể đọc hiểu phần giới thiệu đơn giản về một người hoặc một công việc nào đó."
1-15,1,15,XV,Hỏi - đáp về ẩm thực truyền thống Trung Quốc,"Có thể nghe hiểu các câu hỏi đơn giản của người khác về ẩm thực truyền thống Trung Quốc, hoặc phần giới thiệu đơn giản về thói quen ăn uống truyền thống của người Trung Quốc.¶Có thể hỏi và giới thiệu đơn giản về ẩm thực truyền thống Trung Quốc, thói quen ăn uống truyền thống của người Trung Quốc, và bày tỏ sở thích của bản thân hoặc gia đình.¶Có thể đọc hiểu các thông tin đơn giản về ẩm thực truyền thống Trung Quốc trên thực đơn."
2-1,2,1,I,Hỏi - đáp tình hình cá nhân cơ bản,"Có thể nghe hiểu các câu hỏi đơn giản hoặc phần giới thiệu đơn giản về tình hình cá nhân trong các tình huống như tụ họp, tham gia trò chơi…, ví dụ: ngoại hình, trang phục, ngày sinh, thân phận, thói quen, sở thích, quê quán…¶Có thể hỏi và trả lời các câu hỏi đơn giản về tình hình cá nhân trong những tình huống trên.¶Có thể giới thiệu đơn giản các tình hình cá nhân nói trên.¶Có thể đọc hiểu các thông tin cá nhân nói trên xuất hiện trong đơn đăng ký, phiếu khảo sát, sơ yếu lý lịch…¶Có thể điền các thông tin cá nhân cơ bản như họ tên, tuổi, ngày sinh… của bản thân hoặc người nhà vào các biểu mẫu trên."
2-2,2,2,II,Hỏi - đáp tình hình sự việc,"Có thể nghe hiểu các câu hỏi đơn giản hoặc phần giới thiệu đơn giản về tình hình sự việc trong sinh hoạt hằng ngày, như: nhân vật liên quan, thời gian, cách thức, địa chỉ, nguyên nhân, sự thay đổi, trạng thái của sự việc…¶Có thể hỏi người thân, bạn bè, bạn học… về tình hình đơn giản của sự việc; có thể trả lời các câu hỏi liên quan trong giao tiếp hằng ngày.¶Có thể giới thiệu đơn giản tình hình cơ bản của sự việc nói trên cho người khác.¶Có thể đọc hiểu các câu hoặc đoạn văn ngắn, cấu trúc đơn giản liên quan đến thông tin sự việc, nguyên nhân hoặc sự thay đổi của sự việc.¶Có thể viết các thông tin đơn giản như thời gian, phương hướng… trên bảng hoạt động, sách tranh…"
2-3,2,3,III,Hỏi - đáp tình hình đồ vật,"Có thể nghe hiểu các câu hỏi đơn giản hoặc phần giới thiệu đơn giản về tình hình đồ vật trong các bối cảnh như gia đình, siêu thị, trường học, hiệu sách…, ví dụ: tên đồ vật, màu sắc, số lượng, đặc điểm vị trí, sự khác biệt so với đồ vật khác…¶Có thể hỏi và trả lời các câu hỏi đơn giản về tình hình đồ vật trong giao tiếp hằng ngày.¶Có thể giới thiệu đơn giản tình hình đồ vật, như mô tả hoặc so sánh đặc điểm của đồ vật.¶Có thể đọc hiểu tên một số đồ vật quen thuộc trong sinh hoạt hằng ngày và phần mô tả đơn giản về màu sắc, số lượng, sự khác biệt…¶Có thể viết các thông tin đơn giản như tên đồ vật, số lượng… trên bảng hoạt động, nhãn đồ vật…"
2-4,2,4,IV,Giới thiệu tình hình thời tiết cơ bản,"Có thể nghe hiểu các câu hỏi đơn giản trong giao tiếp hằng ngày về thời tiết tốt hay xấu, âm u hay nắng, cảm giác cơ thể có dễ chịu hay không, hoặc phần giới thiệu đơn giản về thời tiết của một địa phương.¶Có thể hỏi và trả lời các câu hỏi đơn giản về thời tiết của một địa phương như tốt hay xấu, âm u hay nắng, cảm giác có dễ chịu hay không.¶Có thể giới thiệu đơn giản tình hình thời tiết của một địa phương và bày tỏ đơn giản sở thích về thời tiết.¶Có thể đọc hiểu phần giới thiệu đơn giản về thời tiết của một địa phương, như so sánh nóng lạnh, âm u hay nắng…"
2-5,2,5,V,Giới thiệu một địa điểm,"Có thể nghe hiểu các câu hỏi đơn giản của gia đình, bạn bè, bạn học về tình hình của một môi trường hoặc địa điểm như trường học, nhà mới, nhà ga…, hoặc phần giới thiệu đơn giản về những nơi đó, như khoảng cách xa hay gần, vị trí tọa lạc…¶Có thể hỏi và trả lời các câu hỏi đơn giản về tình hình của một môi trường hoặc địa điểm.¶Có thể giới thiệu đơn giản tình hình của một môi trường hoặc địa điểm.¶Có thể đọc hiểu phần giới thiệu ngắn gọn, đơn giản về các tình hình nói trên của một môi trường hoặc địa điểm."
2-6,2,6,VI,Giao tiếp ngôn ngữ hằng ngày,"Có thể nghe hiểu và sử dụng lời nói lịch sự trong các tình huống như chào hỏi, đến dịp lễ, nhận được sự giúp đỡ, gây phiền hà cho người khác, tiễn bạn bè…, như chào hỏi xã giao, chúc mừng, cảm ơn, xin lỗi, tiễn biệt…¶Có thể nghe hiểu các câu hỏi hoặc yêu cầu đơn giản trong các tình huống như ra ngoài, tụ họp, đi học, đi làm; có thể đưa ra các câu hỏi hoặc yêu cầu đơn giản với người khác, như nhờ giúp đỡ, khuyên ngăn, đưa ra lựa chọn, đề xuất ý kiến, tặng quà…¶Có thể nghe hiểu cách người khác bày tỏ đánh giá, cảm nhận hoặc tâm trạng đơn giản; có thể diễn đạt đơn giản đánh giá, cảm nhận hoặc tâm trạng của bản thân, như thấy tốt, có thoải mái không, có vui không…¶Có thể đọc hiểu những lời chúc và lời cảm ơn đơn giản trên thiệp chúc mừng, tin nhắn…, như “Chúc mừng năm mới”, “Mỗi ngày đều vui”, “Cảm ơn bạn”…"
2-7,2,7,VII,Hỏi - đáp về ăn uống hằng ngày,"Có thể nghe hiểu các câu hỏi đơn giản hoặc phần giới thiệu đơn giản trong giao tiếp hằng ngày về thói quen ăn uống và tình hình dùng bữa, như sở thích ăn uống, thói quen ăn hằng ngày, nhà hàng yêu thích, đánh giá về ăn uống, trình độ nấu ăn…¶Có thể hỏi và trả lời các câu hỏi đơn giản về thói quen ăn uống và việc dùng bữa hằng ngày.¶Có thể giới thiệu đơn giản thói quen ăn uống, tình hình dùng bữa và khả năng nấu ăn của bản thân.¶Có thể dựa vào hình ảnh để đọc hiểu các thông tin đơn giản trên thực đơn và các thông tin đơn giản liên quan đến sở thích ăn uống, tình hình dùng bữa."
2-8,2,8,VIII,Hỏi - đáp tình hình đi lại,"Có thể nghe hiểu các câu hỏi đơn giản khi người khác hỏi đường và có thể chỉ đường cho họ; có thể hỏi đường và nghe hiểu thông tin chỉ đường đơn giản, như hướng đi, vị trí, lộ trình, thời gian di chuyển, thông tin phương tiện…¶Có thể nghe hiểu các câu hỏi đơn giản hoặc phần giới thiệu đơn giản về kế hoạch đi lại và cảm nhận khi đi lại, như lịch trình, mục đích, mua vé, phương tiện, cảm nhận…¶Có thể giới thiệu đơn giản kế hoạch đi lại và cảm nhận của bản thân hoặc người nhà.¶Có thể nhận biết các thông tin cơ bản về điểm đến trên biển báo, trạm xe, bản đồ, như phương hướng, vị trí, thông tin phương tiện…¶Có thể đọc hiểu các đoạn giới thiệu đơn giản về tình hình đi lại."
2-9,2,9,IX,Hỏi - đáp tình hình hàng hóa,"Có thể nghe hiểu nhân viên bán hàng, người nhà, bạn bè mô tả đơn giản về hàng hóa, như tên sản phẩm, màu sắc, số lượng, giá cả, sự khác biệt so với sản phẩm khác, đánh giá tốt xấu; có thể nghe hiểu phần giới thiệu về việc lựa chọn và mua hàng.¶Có thể mô tả đơn giản các thông tin hàng hóa nói trên cho nhân viên bán hàng, người nhà, bạn bè.¶Có thể giao tiếp đơn giản về giá cả và đặc điểm của sản phẩm.¶Có thể đọc hiểu các đoạn mô tả đơn giản về hàng hóa, như tên, giá, đặc điểm, đánh giá…¶Có thể viết ra các thông tin cơ bản nói trên của sản phẩm."
2-10,2,10,X,"Hỏi - đáp về bệnh tật, thăm người bệnh","Có thể nghe hiểu các câu hỏi đơn giản hoặc phần giới thiệu đơn giản của gia đình, bạn bè, bạn học, bác sĩ về tình trạng bệnh, việc khám chữa bệnh và dùng thuốc, như tình trạng cơ thể, cảm giác cá nhân, nguyên nhân bệnh, tình hình dùng thuốc, chỉ dẫn của bác sĩ…¶Có thể hỏi và trả lời các câu hỏi đơn giản về tình trạng bệnh và việc khám chữa bệnh, dùng thuốc.¶Có thể giới thiệu đơn giản tình hình bệnh tật và việc khám chữa bệnh, dùng thuốc của bản thân.¶Có thể thông báo cho người thân, bạn bè khi họ bị bệnh về kế hoạch thăm hỏi, đồng thời bày tỏ đơn giản sự an ủi và lời khuyên.¶Có thể đọc hiểu các thông tin cơ bản như tần suất dùng thuốc trên đơn thuốc của bác sĩ."
2-11,2,11,XI,Giao tiếp về hoạt động giải trí,"Có thể nghe hiểu các câu hỏi đơn giản hoặc phần giới thiệu đơn giản về hoạt động giải trí hằng ngày, như du lịch, lướt mạng, nhảy múa, chạy bộ, các môn thể thao bóng…¶Có thể hỏi và trả lời các câu hỏi đơn giản về hoạt động giải trí và kế hoạch hoạt động của bản thân, gia đình hoặc bạn bè.¶Có thể giới thiệu đơn giản các hoạt động giải trí và kế hoạch hoạt động của bản thân.¶Có thể đọc hiểu phần giới thiệu đơn giản về hoạt động giải trí của người khác, như tên hoạt động, sắp xếp hoạt động…¶Có thể viết các thông tin cơ bản như thời gian hoạt động giải trí của bản thân hoặc người nhà."
2-12,2,12,XII,Giới thiệu sinh hoạt gia đình hằng ngày,"Có thể nghe hiểu phần giới thiệu đơn giản của gia đình, bạn bè về mối quan hệ gia đình và sinh hoạt gia đình, như thành viên gia đình, sinh nhật người thân, thói quen sinh hoạt, ai làm việc nhà gì…¶Có thể giới thiệu đơn giản các tình hình nói trên về sinh hoạt gia đình của mình.¶Có thể đọc hiểu các phần giới thiệu đơn giản về quan hệ gia đình và sinh hoạt gia đình, như thành viên, ngày sinh, thói quen sinh hoạt, phân công việc nhà…¶Có thể điền các thông tin chính trong bảng sinh hoạt gia đình hằng ngày, như ai, thời gian nào…"
2-13,2,13,XIII,Giới thiệu tình hình học tập và trải nghiệm học tập,"Có thể nghe hiểu các câu hỏi đơn giản hoặc phần giới thiệu đơn giản của thầy cô, bạn học, gia đình về tình hình học tập và trải nghiệm học tập, như thời gian học, học thế nào, đồ dùng học tập thường dùng, nội dung học trên lớp, hình thức thi cử, phương pháp học, trường đang học, thời gian theo học, bậc học…¶Có thể hỏi và trả lời các câu hỏi đơn giản về việc học và trải nghiệm học tập.¶Có thể giới thiệu đơn giản các tình hình học tập nói trên của bản thân cho thầy cô, bạn học, gia đình.¶Có thể đọc hiểu các thông tin cơ bản nói trên trong kế hoạch học tập."
2-14,2,14,XIV,Giao tiếp về tình hình trường học và hoạt động sau giờ học,"Có thể nghe hiểu các câu hỏi đơn giản hoặc phần giới thiệu đơn giản của bạn học, thầy cô, bạn bè, gia đình về tình hình trường học và hoạt động sau giờ học, như môi trường trường học, phòng học, học sinh, kế hoạch và quá trình hoạt động sau giờ học…¶Có thể hỏi và trả lời các câu hỏi đơn giản về tình hình trường học và hoạt động sau giờ học.¶Có thể giới thiệu đơn giản tình hình trường học và hoạt động sau giờ học của bản thân.¶Có thể đọc hiểu các phần giới thiệu đơn giản về những nội dung nói trên."
2-15,2,15,XV,Giao tiếp về tình hình công việc,"Có thể nghe hiểu các câu hỏi đơn giản hoặc phần giới thiệu đơn giản của gia đình, đồng nghiệp, bạn bè về tình hình công việc và nghề nghiệp, như làm việc ở đâu, môi trường làm việc, thời gian làm việc, cảm nhận về công việc, đánh giá nghề nghiệp…¶Có thể hỏi và trả lời các câu hỏi đơn giản về công việc và nghề nghiệp.¶Có thể giới thiệu đơn giản tình hình công việc và nghề nghiệp của bản thân, gia đình, bạn bè, như làm việc khi nào, ở đâu, tình trạng công việc hiện tại…¶Có thể đọc hiểu các nội dung đơn giản về công việc và nghề nghiệp trong nhật ký công việc, phần giới thiệu nhân vật…¶Có thể viết các thông tin đơn giản về công việc và nghề nghiệp, như thời gian, địa điểm…"
2-16,2,16,XVI,Giới thiệu Tết và ẩm thực truyền thống,"Có thể nghe hiểu các câu hỏi đơn giản hoặc phần giới thiệu đơn giản của gia đình, bạn bè, bạn học về Tết, như Tết vào ngày nào, Tết ăn gì, Tết có vui không, Tết nói gì…¶Có thể hỏi và trả lời các câu hỏi đơn giản về Tết.¶Có thể giới thiệu đơn giản các thông tin cơ bản về Tết, như năm nay Tết vào ngày nào, Tết có vui không, nói “Chúc mừng năm mới”, ăn bánh chẻo…¶Có thể đọc hiểu các nội dung đơn giản giới thiệu về Tết.¶Có thể viết các câu chúc Tết đơn giản, như “Chúc mừng năm mới”."
2-17,2,17,XVII,Sử dụng cách xưng hô tiếng Trung,"Có thể nghe hiểu các cách xưng hô tiếng Trung trong giao tiếp hằng ngày, như “Vương tiên sinh”…¶Có thể sử dụng phù hợp các cách xưng hô tiếng Trung trong giao tiếp hằng ngày, như họ + nghề nghiệp (Trương giáo viên), họ + cách gọi người thân (Trương ông)…¶Có thể đọc hiểu các cách xưng hô tiếng Trung ở đầu mẩu giấy nhắn, thiệp chúc mừng, thư từ…"
3-1,3,1,I,Giới thiệu tình hình cá nhân,"Có thể nghe hiểu các câu hỏi mang tính chung hoặc phần mô tả/giới thiệu chung về thông tin và đặc điểm cá nhân trong các tình huống như đón ở sân bay, tìm người, xem ảnh, nói chuyện về bạn bè..., ví dụ: ngoại hình, tính cách, cách ăn mặc, thông tin liên lạc, nghề nghiệp, tình trạng hôn nhân...¶Có thể đặt câu hỏi chung về thông tin cá nhân, đặc điểm cá nhân trong các tình huống trên; có thể trả lời các câu hỏi chung về tình hình cá nhân trong các tình huống đó.¶Có thể giới thiệu đơn giản cho người khác về thông tin cá nhân và đặc điểm cá nhân của một người nào đó.¶Có thể đọc hiểu những đoạn chữ đơn giản mô tả các tình hình cá nhân nói trên trong các tài liệu như thông báo tìm người, giới thiệu nhân vật...¶Có thể viết 1-2 câu để mô tả hoặc giới thiệu đơn giản tình hình cá nhân của một người."
3-2,3,2,II,Trao đổi và xử lý các việc thường ngày,"Có thể nghe hiểu cách trình bày chung về việc xử lý sự vụ, giải quyết thủ tục trong đời sống hằng ngày. Ví dụ: khi người khác bị mất đồ và thông báo tình hình, hoặc khi cần xin nghỉ, nhờ giúp, mượn/trả đồ mà đưa ra yêu cầu; khi làm thẻ ngân hàng, SIM điện thoại, hộ chiếu thì nghe hiểu các câu hỏi chung của nhân viên...¶Trong các tình huống xử lý việc thường ngày nói trên, có thể trình bày đơn giản tình hình của mình, hỏi thông tin, bày tỏ mong muốn trao đổi, nhờ giúp, làm thủ tục/giải quyết việc.¶Có thể kể đơn giản các việc trong đời sống hằng ngày nói trên, như nguyên nhân, diễn biến, kết quả của sự việc.¶Có thể đọc hiểu các nội dung liên quan như thông báo tìm đồ thất lạc, đơn xin nghỉ, yêu cầu làm thủ tục, bài văn ngắn...¶Có thể viết 1-2 câu để giới thiệu đơn giản về một sự vụ."
3-3,3,3,III,Giao tiếp thường ngày,"Có thể nghe hiểu lời lịch sự mang tính chung trong các tình huống như bạn bè gặp mặt, tham dự hội nghị, tụ họp cơ quan..., và có thể đáp lại bằng lời lịch sự. Ví dụ: cảm ơn, xin lỗi, chúc mừng, khen ngợi...¶Có thể nghe hiểu cách người khác bày tỏ ý định/chủ ý một cách chung trong giao tiếp hằng ngày, như đề nghị, quyết định, lựa chọn, cảm nhận, thái độ...¶Có thể bày tỏ các ý định/chủ ý nói trên của mình trong giao tiếp hằng ngày.¶Có thể đọc hiểu lời lịch sự và cách bày tỏ ý định mang tính chung của đối phương trên mạng xã hội, tin nhắn, email.¶Có thể trao đổi trên mạng xã hội, tin nhắn, email bằng các lời lịch sự nói trên và bày tỏ ý định tương ứng.¶Có thể viết 1-2 câu để giới thiệu đơn giản cảm nhận, quyết định... của bản thân."
3-4,3,4,IV,Trao đổi về tình hình ăn uống,"Có thể nghe hiểu câu hỏi/giới thiệu mang tính chung về thói quen ăn uống và tình hình dùng bữa trong giao tiếp hằng ngày, như món thích ăn, cách ăn thường dùng; cách đặt món, gọi đồ ăn giao tận nơi, gọi món ở nhà hàng; chất lượng phục vụ; thông tin món ăn...¶Có thể hỏi và trả lời các câu hỏi chung về đồ ăn thức uống, thói quen ăn uống, tình hình dùng bữa.¶Có thể giới thiệu đơn giản với bạn bè về đồ ăn thức uống và thói quen ăn uống, tình hình dùng bữa của mình, kể trải nghiệm đặt món, gọi đồ ăn, ăn ở nhà hàng.¶Có thể đọc hiểu các bài ngắn trên mạng xã hội hoặc tài liệu đọc về thói quen ăn uống và tình hình dùng bữa.¶Có thể viết 1-2 câu để giới thiệu đơn giản về thói quen ăn uống hoặc tình hình dùng bữa của mình."
3-5,3,5,V,Nói chuyện về giao thông và đi lại,"Có thể nghe hiểu câu hỏi/giới thiệu chung của gia đình, bạn bè, bạn học... về giao thông đi lại trong các tình huống như cuối tuần, ngày lễ, sắp đến kỳ nghỉ đông/hè..., như cách đi lại, kế hoạch đi lại, trải nghiệm đi lại, quy tắc giao thông...¶Có thể hỏi gia đình, bạn bè, bạn học về tình hình giao thông đi lại nói trên; có thể trả lời các câu hỏi chung về giao thông đi lại mà họ đưa ra.¶Có thể giới thiệu đơn giản về việc đi lại của mình, như lựa chọn phương tiện (tàu cao tốc hoặc đi xe đạp); lựa chọn điểm đến, sắp xếp hành trình, lưu ý; quá trình đi và cảm nhận; những quy tắc giao thông cần biết...¶Có thể đọc hiểu phần giới thiệu đơn giản của gia đình, bạn bè, bạn học về tình hình giao thông đi lại nói trên.¶Có thể viết 1-2 câu để giới thiệu đơn giản kế hoạch hoặc trải nghiệm đi lại của mình."
3-6,3,6,VI,Trao đổi thông tin mua sắm,"Có thể nghe hiểu người bán trong trung tâm thương mại, cửa hàng... hỏi chung về việc chọn mua, hoặc nghe hiểu phần giới thiệu chung của người bán về sản phẩm, như mô tả hàng hóa, điểm giống/khác giữa các sản phẩm, đánh giá sản phẩm...¶Có thể hỏi người bán về thông tin liên quan của hàng hóa, mô tả tình hình cơ bản của sản phẩm, bày tỏ nhu cầu mua, mặc cả; có thể trả lời các câu hỏi chung của người bán về những nội dung đó.¶Có thể kể đơn giản quá trình mua sắm và cảm nhận của mình.¶Có thể đọc hiểu các bài ngắn đơn giản về trải nghiệm mua sắm và thông tin hàng hóa.¶Có thể viết 1-2 câu để giới thiệu đơn giản trải nghiệm mua sắm hoặc mô tả sản phẩm."
3-7,3,7,VII,"Nói về khám chữa bệnh, thăm bệnh và quan niệm sức khỏe","Có thể nghe hiểu câu hỏi/giới thiệu chung của gia đình, bạn bè, nhân viên y tế về tình trạng ốm bệnh và khám chữa, cũng như quan niệm sức khỏe, như triệu chứng, tình trạng bệnh và dùng thuốc, quá trình thăm bệnh và cảm nhận, thói quen tập luyện hằng ngày, quan niệm ăn uống và sinh hoạt lành mạnh...¶Có thể hỏi gia đình, bạn bè, nhân viên y tế về tình hình khám chữa bệnh và quan niệm sức khỏe; có thể trả lời các câu hỏi chung về những nội dung đó.¶Có thể kể đơn giản tình hình ốm bệnh, khám chữa của bản thân và quan niệm sức khỏe.¶Có thể đọc hiểu các bài ngắn đơn giản về cách dùng thuốc, chỉ dẫn của bác sĩ, quan niệm sức khỏe, trải nghiệm đi khám và thăm bệnh.¶Có thể viết 1-2 câu để giới thiệu đơn giản trải nghiệm đi khám hoặc cách mình sống lành mạnh."
3-8,3,8,VIII,Nói về đời sống giải trí,"Có thể nghe hiểu câu hỏi/giới thiệu chung của gia đình, bạn bè về hoạt động giải trí và trải nghiệm hoạt động trong các cuộc trò chuyện hằng ngày, như du lịch, nghỉ phép, đạp xe, chụp ảnh, rèn luyện, tụ họp, trò chuyện, nghe nhạc, nuôi thú cưng...¶Có thể hỏi về lịch trình hoạt động, quá trình hoạt động, cảm nhận trải nghiệm giải trí của gia đình, bạn bè; có thể trả lời các câu hỏi chung về những nội dung đó.¶Có thể giới thiệu đơn giản về đời sống giải trí của mình, như vì sao chọn hoạt động đó, sắp xếp thế nào, quá trình và cảm nhận.¶Có thể đọc hiểu các bài ngắn đơn giản giới thiệu về đời sống giải trí.¶Có thể viết 1-2 câu để giới thiệu đơn giản một khía cạnh nào đó trong đời sống giải trí của mình."
3-9,3,9,IX,Nói về tình hình chỗ ở,"Có thể nghe hiểu câu hỏi/giới thiệu chung của gia đình, bạn bè về tình hình chỗ ở trong các tình huống như tụ họp, chuyển vào nhà mới..., như tình hình khu dân cư, tình hình nhà ở, đồ dùng trong nhà, bố trí phòng ốc...¶Có thể hỏi gia đình, bạn bè về các nội dung chung liên quan đến chỗ ở; có thể trả lời các câu hỏi chung về chỗ ở.¶Có thể giới thiệu đơn giản về tình hình chỗ ở của mình.¶Có thể đọc hiểu các bài ngắn đơn giản giới thiệu về tình hình chỗ ở.¶Có thể viết 1-2 câu để giới thiệu đơn giản về chỗ ở của mình."
3-10,3,10,X,"Nói về thói quen sinh hoạt, quan hệ gia đình và việc gia đình","Có thể nghe hiểu câu hỏi/giới thiệu chung của gia đình, bạn bè về thói quen sinh hoạt, quan hệ gia đình, tình hình xử lý việc gia đình..., như thói quen cá nhân và gia đình, chăm sóc người già thế nào, nuôi dạy con ra sao, chuyện chuyển nhà, phân chia việc nhà...¶Có thể hỏi gia đình, bạn bè về các nội dung chung nói trên; có thể trả lời các câu hỏi chung về những nội dung đó.¶Có thể giới thiệu đơn giản thói quen sinh hoạt, quan hệ gia đình, tình hình xử lý việc gia đình của bản thân và gia đình.¶Có thể đọc hiểu các bài ngắn đơn giản mô tả thói quen sinh hoạt, quan hệ gia đình và việc gia đình.¶Có thể viết 1-2 câu để giới thiệu đơn giản thói quen sinh hoạt, quan hệ gia đình và tình hình xử lý việc gia đình của bản thân và gia đình."
3-11,3,11,XI,Trao đổi về tình hình học tập,"Có thể nghe hiểu câu hỏi/giới thiệu chung của bạn học, bạn bè, gia đình, giáo viên về tình hình học tập, như tình hình môn học, hoạt động học, môi trường học, trải nghiệm học tập cá nhân..., ví dụ: thông tin môn học và tiến độ, hoạt động trên lớp, phương pháp học, điều kiện học tập, trải nghiệm du học...¶Có thể hỏi bạn học, bạn bè về tình hình học tập chung nói trên; có thể trả lời các câu hỏi chung của bạn học, gia đình, giáo viên về những nội dung đó.¶Có thể giới thiệu đơn giản tình hình học tập của mình.¶Có thể đọc hiểu các bài ngắn đơn giản trong email hoặc tài liệu đọc giới thiệu về tình hình học tập nói trên.¶Có thể viết 1-2 câu để giới thiệu đơn giản kế hoạch học tập hoặc tình hình học tập của mình."
3-12,3,12,XII,Trao đổi về đời sống trong trường,"Có thể nghe hiểu câu hỏi/giới thiệu chung của bạn học, bạn bè, giáo viên, gia đình về hoạt động trong trường, tình hình nhà trường..., như sắp xếp hoạt động, tin tức trong trường, đại hội thể thao, môi trường trường học...¶Có thể hỏi bạn học hoặc bạn bè về tình hình đời sống trường học nói trên; có thể trả lời các câu hỏi chung của bạn bè, gia đình về những nội dung đó.¶Có thể giới thiệu đơn giản về đời sống trường học của mình.¶Có thể đọc hiểu email hoặc bài ngắn đơn giản của bạn học, bạn bè giới thiệu về đời sống trường học nói trên.¶Có thể viết 1-2 câu để giới thiệu đơn giản một khía cạnh nào đó về đời sống trường học hoặc tình hình trường học của mình."
3-13,3,13,XIII,Nói về giáo dục trong gia đình,"Có thể nghe hiểu câu hỏi/giới thiệu/quan điểm chung của bạn bè, gia đình về tình hình giáo dục gia đình, như quan niệm và phương pháp giáo dục, tình hình đi học của con cái...¶Có thể hỏi bạn bè, gia đình về tình hình và quan điểm chung liên quan đến giáo dục gia đình; có thể trả lời các câu hỏi chung về giáo dục gia đình.¶Có thể giới thiệu đơn giản tình hình và quan điểm của mình về giáo dục gia đình.¶Có thể đọc hiểu các bài ngắn đơn giản về tình hình giáo dục gia đình nói trên.¶Có thể viết 1-2 câu để giới thiệu đơn giản một khía cạnh nào đó của giáo dục gia đình."
3-14,3,14,XIV,Trao đổi về tình hình làm việc văn phòng hằng ngày,"Có thể nghe hiểu câu hỏi/giới thiệu chung trong bối cảnh văn phòng về việc hành chính, thể hiện công việc, môi trường làm việc, quan hệ đồng nghiệp..., như lịch làm việc gần đây, họp hành, gửi nhận email, chuyên cần, thái độ và năng lực làm việc, thiết bị văn phòng, quan hệ đồng nghiệp...¶Có thể hỏi và trả lời các câu hỏi chung trong bối cảnh văn phòng về các nội dung làm việc hằng ngày nói trên.¶Có thể giới thiệu đơn giản về những tình hình nói trên trong quá trình làm việc hằng ngày.¶Có thể đọc hiểu thông báo công việc đơn giản và bảng lịch công tác đơn giản.¶Có thể viết 1-2 câu để giới thiệu đơn giản thông tin cơ bản về tình hình làm việc hằng ngày."
3-15,3,15,XV,Nói về nghề nghiệp,"Có thể nghe hiểu câu hỏi/giới thiệu chung của đồng nghiệp, bạn bè, gia đình về trải nghiệm công việc và đánh giá nghề nghiệp, như thay đổi công việc, mong muốn nghề nghiệp, lựa chọn nghề nghiệp, vị thế nghề nghiệp, đánh giá tổng thể về nghề nghiệp...¶Có thể hỏi đồng nghiệp, bạn học, bạn bè, gia đình về tình hình nghề nghiệp nói trên; có thể trả lời các câu hỏi chung về tình hình nghề nghiệp.¶Có thể giới thiệu đơn giản tình hình nghề nghiệp của bản thân hoặc gia đình và bày tỏ quan điểm.¶Có thể đọc hiểu các bài ngắn đơn giản về tình hình nghề nghiệp nói trên.¶Có thể viết 1-2 câu để giới thiệu đơn giản thông tin nghề nghiệp của bản thân hoặc người nhà, hoặc một giai đoạn trải nghiệm nghề nghiệp."
3-16,3,16,XVI,Nói về tình hình tự nhiên,"Có thể nghe hiểu câu hỏi/giới thiệu chung của bạn bè, gia đình về khí hậu, mùa, động thực vật, cảnh quan thiên nhiên..., như đặc điểm khí hậu chung của một vùng, hiện tượng khí hậu thường gặp, tình hình các mùa, các loài động thực vật phổ biến như gấu trúc, cây cối..., phong cảnh thiên nhiên...¶Có thể hỏi bạn bè, gia đình về tình hình tự nhiên nói trên; có thể trả lời các câu hỏi chung về tình hình tự nhiên.¶Có thể giới thiệu đơn giản các tình hình tự nhiên liên quan, như mùa mình thích, động thực vật mình thích, thời tiết gần đây, phong cảnh mình thích...¶Có thể đọc hiểu các bài ngắn đơn giản giới thiệu về tình hình tự nhiên nói trên.¶Có thể viết 1-2 câu để giới thiệu đơn giản nội dung liên quan đến tự nhiên, như thời tiết gần đây, mùa mình thích..."
3-17,3,17,XVII,Giới thiệu môi trường một nơi và bảo vệ môi trường,"Có thể nghe hiểu câu hỏi/giới thiệu chung của bạn bè, gia đình về tình trạng môi trường của một nơi và việc bảo vệ môi trường, như vị trí địa lý, đặc điểm, cách làm và quan điểm về bảo vệ môi trường...¶Có thể hỏi bạn bè, gia đình về tình trạng môi trường và bảo vệ môi trường của một nơi; có thể trả lời các câu hỏi liên quan.¶Có thể giới thiệu đơn giản cho bạn bè, gia đình về tình trạng môi trường và bảo vệ môi trường của một nơi.¶Có thể đọc hiểu các bài ngắn đơn giản giới thiệu các nội dung môi trường và bảo vệ môi trường nói trên.¶Có thể viết 1-2 câu để giới thiệu đơn giản tình trạng môi trường và nội dung bảo vệ môi trường của một nơi."
3-18,3,18,XVIII,Trao đổi về một khía cạnh của đời sống xã hội,"Có thể nghe hiểu câu hỏi/giới thiệu chung của bạn bè, gia đình về một khía cạnh đời sống xã hội như đời sống hiện đại, phát triển đô thị..., ví dụ: tàu cao tốc và các phương thức giao thông hiện đại, phương thức thanh toán mới và ảnh hưởng, khái quát về đường sá và cơ sở hạ tầng trong phát triển đô thị hiện đại...¶Có thể hỏi bạn bè, gia đình về các vấn đề nói trên; có thể trả lời các câu hỏi chung về một khía cạnh đời sống xã hội.¶Có thể giới thiệu đơn giản nội dung liên quan đến một khía cạnh đời sống xã hội nói trên cho bạn bè, gia đình.¶Có thể đọc hiểu các bài ngắn đơn giản giới thiệu về một khía cạnh đời sống xã hội nói trên.¶Có thể viết 1-2 câu để giới thiệu đơn giản hiểu biết hoặc trải nghiệm của mình về một khía cạnh đó, như đi tàu cao tốc, thanh toán bằng điện thoại..."
3-19,3,19,XIX,Trao đổi thông tin về hoạt động văn nghệ,"Có thể nghe hiểu bạn bè, gia đình hỏi hoặc giới thiệu thông tin chung về một hoạt động văn nghệ, như một buổi biểu diễn, chương trình hoặc cuộc thi, và nội dung chính liên quan, người biểu diễn, mức độ được yêu thích...¶Có thể hỏi bạn bè, gia đình về các thông tin chung của hoạt động văn nghệ nói trên; có thể trả lời các câu hỏi chung về các thông tin đó.¶Có thể giới thiệu đơn giản một hoạt động văn nghệ cho bạn bè, gia đình.¶Có thể đọc hiểu thông tin chính trên poster biểu diễn, thi đấu..., hoặc đọc hiểu bài ngắn đơn giản giới thiệu về hoạt động văn nghệ hằng ngày.¶Có thể viết 1-2 câu để giới thiệu đơn giản thông tin cơ bản của một hoạt động văn nghệ."
3-20,3,20,XX,Giới thiệu môn thể thao và thi đấu,"Có thể nghe hiểu bạn bè, gia đình hỏi hoặc giới thiệu thông tin chung về các môn thể thao và thi đấu như tennis, cầu lông..., như tên môn, thông tin trận đấu, người tham gia...¶Có thể hỏi bạn bè, gia đình về tình hình chung của các môn và thi đấu như tennis, cầu lông...; có thể trả lời các câu hỏi chung về thông tin môn và thi đấu.¶Có thể giới thiệu đơn giản các môn như bóng chuyền, tennis, cầu lông và tình hình thi đấu.¶Có thể đọc hiểu bài ngắn đơn giản về môn thể thao và tình hình thi đấu.¶Có thể viết 1-2 câu để giới thiệu đơn giản thông tin cơ bản của một trận đấu."
3-21,3,21,XXI,Giới thiệu ẩm thực và dụng cụ ăn uống mang đặc trưng Trung Quốc,"Có thể nghe hiểu bạn bè, bạn học, giáo viên hỏi hoặc giới thiệu thông tin chung về ẩm thực và dụng cụ ăn uống đặc trưng Trung Quốc, như người Trung Quốc uống trà và rượu gì, món ăn Trung Quốc và lương thực chính của người Trung Quốc, dụng cụ ăn uống của người Trung Quốc...¶Có thể hỏi bạn bè, bạn học, giáo viên về tình hình chung của ẩm thực và dụng cụ ăn uống nói trên; có thể trả lời các câu hỏi chung về các nội dung đó.¶Có thể giới thiệu đơn giản nội dung về ẩm thực và dụng cụ ăn uống đặc trưng Trung Quốc cho người khác.¶Có thể đọc hiểu bài ngắn đơn giản giới thiệu về ẩm thực và dụng cụ ăn uống đặc trưng Trung Quốc."
3-22,3,22,XXII,Giới thiệu phong tục truyền thống Trung Quốc,"Có thể nghe hiểu bạn bè, bạn học, giáo viên hỏi hoặc giới thiệu thông tin chung về phong tục truyền thống Trung Quốc như lễ hội và khác biệt vùng miền, ví dụ: tập tục Tết Trung thu, tập tục Tết Nguyên đán, khác biệt sinh hoạt và văn hóa giữa miền Nam và miền Bắc...¶Có thể hỏi bạn bè, bạn học, giáo viên về tình hình chung của phong tục truyền thống nói trên; có thể trả lời các câu hỏi chung về phong tục truyền thống Trung Quốc.¶Có thể giới thiệu đơn giản nội dung phong tục truyền thống Trung Quốc nói trên cho người khác.¶Có thể đọc hiểu bài ngắn đơn giản giới thiệu về phong tục truyền thống Trung Quốc."
4-1,4,1,I,Nói về một nhân vật,"Có thể nghe hiểu câu hỏi của người khác về thông tin và đặc điểm cá nhân của một người quen hoặc người nổi tiếng với mức độ nhất định là phức tạp, hoặc nghe hiểu phần giới thiệu có mức độ phức tạp nhất định về người đó. Ví dụ: quá trình/kinh nghiệm (lý lịch), bối cảnh gia đình, nền tảng nghề nghiệp, ngoại hình, phong cách ăn mặc/trang điểm, tính cách, tầm ảnh hưởng...¶Có thể hỏi những vấn đề có mức độ phức tạp nhất định về thông tin và đặc điểm cá nhân của một người quen hoặc người nổi tiếng; có thể trả lời những câu hỏi tương ứng về thông tin và đặc điểm cá nhân của người đó.¶Có thể giới thiệu tương đối trôi chảy một cách khái quát về một người quen hoặc người nổi tiếng.¶Có thể đọc hiểu phần giới thiệu mang tính khái quát về thông tin và đặc điểm cá nhân của một người.¶Có thể viết một đoạn để mô tả hoặc giới thiệu đơn giản về một người quen hoặc người nổi tiếng."
4-2,4,2,II,Trao đổi và xử lý công việc thường ngày,"Có thể nghe hiểu lời nói có mức độ phức tạp nhất định liên quan đến xử lý thủ tục/dịch vụ và nhờ hỗ trợ khi gặp khó khăn trong đời sống hằng ngày. Ví dụ: khi làm thủ tục gửi nhận chuyển phát nhanh, làm giấy tờ, đăng ký hội viên thì nghe hiểu câu hỏi và giới thiệu của nhân viên; khi cần tư vấn pháp luật, nhờ hỗ trợ cảnh sát, tư vấn phiên dịch, phát thanh tìm người... thì nghe hiểu câu hỏi và giới thiệu của nhân viên...¶Khi gặp các tình huống xử lý thủ tục hoặc cần hỗ trợ nói trên, có thể trình bày khá trôi chảy tình hình của mình, đặt câu hỏi, thể hiện mong muốn trao đổi, nhờ giúp, làm thủ tục.¶Có thể kể khá trôi chảy trải nghiệm xử lý thủ tục hoặc nhờ giúp trong đời sống hằng ngày, như nguyên nhân, diễn biến, kết quả của sự việc.¶Có thể đọc hiểu các bài ngắn mang tính khái quát về trải nghiệm xử lý thủ tục hoặc nhờ giúp nói trên, hoặc đọc hiểu một số biểu mẫu, thông báo trong quá trình làm việc, như phiếu thông báo chuyển phát nhanh, hướng dẫn làm thủ tục...¶Có thể viết một đoạn để kể đơn giản trải nghiệm xử lý thủ tục/nhờ giúp nói trên, hoặc viết phản hồi và đánh giá dịch vụ đơn giản, hoặc thư cầu trợ giúp."
4-3,4,3,III,Giao tiếp ngôn ngữ thường ngày,"Có thể nghe hiểu lời nói lịch sự có mức độ phức tạp nhất định trong giao tiếp hằng ngày; hoặc trong các tình huống như lên học, thăng chức, đạt thứ hạng tốt trong thi đấu... có thể nghe hiểu lời khen, chúc mừng, động viên có mức độ phức tạp nhất định; hoặc nghe hiểu lời xin lỗi có mức độ phức tạp nhất định khi người khác làm sai.¶Có thể trong các tình huống trên dùng lời nói có mức độ phức tạp nhất định để thể hiện sự lịch sự, khen ngợi, chúc mừng, khích lệ, xin lỗi...¶Có thể đọc hiểu nội dung liên quan nói trên trong các tài liệu như thư chúc mừng, thông báo tin vui, thư xin lỗi...¶Có thể viết các cách diễn đạt thường dùng trong các tình huống giao tiếp nói trên trên thiệp chúc mừng, sổ lưu bút, email."
4-4,4,4,IV,Nói về chủ đề cảm xúc,"Có thể nghe hiểu các câu hỏi có mức độ phức tạp nhất định của gia đình, bạn bè... về tình cảm và suy ngẫm, hoặc nghe hiểu việc kể lại trải nghiệm và quan điểm có mức độ phức tạp nhất định về tình cảm và suy ngẫm. Ví dụ: tình yêu, tình bạn, tình thân, lý tưởng...¶Có thể hỏi gia đình, bạn bè... các câu hỏi có mức độ phức tạp nhất định liên quan đến tình cảm và suy ngẫm; có thể trả lời các câu hỏi tương ứng.¶Có thể kể khá trôi chảy trải nghiệm và quan điểm của mình về tình yêu, tình bạn, tình thân, lý tưởng.¶Có thể đọc hiểu bài ngắn mang tính khái quát về các chủ đề tình yêu, tình bạn, tình thân, lý tưởng nói trên.¶Có thể viết một đoạn để kể đơn giản trải nghiệm hoặc quan điểm của mình liên quan đến tình yêu, tình bạn, tình thân, lý tưởng."
4-5,4,5,V,Giới thiệu tình hình ăn uống,"Có thể nghe hiểu trong lúc tụ họp hoặc ăn uống, các câu hỏi/giới thiệu có mức độ phức tạp nhất định của gia đình, bạn bè, nhân viên phục vụ... về đồ ăn thức uống, tình hình dùng bữa, tình hình chế biến món ăn... Ví dụ: hương vị, loại hình món ăn, đặc điểm ẩm thực, môi trường nhà hàng, dịch vụ nhà hàng, quy trình chế biến và kinh nghiệm...¶Có thể hỏi và trả lời các câu hỏi có mức độ phức tạp nhất định về đồ ăn thức uống, tình hình dùng bữa, tình hình chế biến món ăn.¶Có thể giới thiệu khá trôi chảy với gia đình, bạn bè... các nội dung liên quan đến tình hình ăn uống nói trên.¶Có thể đọc hiểu bài ngắn mang tính khái quát về một loại đồ ăn thức uống, tình hình dùng bữa hoặc tình hình chế biến món ăn, và các giới thiệu ngắn trên mạng hoặc trong nhà hàng.¶Có thể viết một đoạn để giới thiệu đơn giản một món ăn, một nhà hàng, hoặc một lần đi ăn, hoặc quy trình làm món ăn."
4-6,4,6,VI,Nói về giao thông và đi lại,"Có thể nghe hiểu câu hỏi có mức độ phức tạp nhất định của gia đình, bạn bè, bạn học... về giao thông đi lại, hoặc phần giới thiệu có mức độ phức tạp nhất định về tình hình đi lại, như trải nghiệm và cảm nhận khi đi, tình hình vận tải hành khách...¶Có thể hỏi và trả lời các câu hỏi có mức độ phức tạp nhất định về tình hình giao thông đi lại nói trên.¶Có thể giới thiệu khá trôi chảy về việc đi lại của mình, như lựa chọn phương tiện, kế hoạch hành trình, chuẩn bị đặt khách sạn; trải nghiệm và cảm nhận trong quá trình đi; thông tin cần nắm như lái xe, tình trạng đường, năng lực dịch vụ vận tải hành khách, tuyến đường...¶Có thể đọc hiểu phần giới thiệu hoặc truyện ngắn mang tính khái quát về các nội dung đi lại nói trên.¶Có thể viết một đoạn để chia sẻ đơn giản trải nghiệm đi lại và cảm nhận của mình."
4-7,4,7,VII,Trao đổi về trải nghiệm mua sắm và nội dung hoạt động thương mại,"Có thể nghe hiểu câu hỏi/giới thiệu có mức độ phức tạp nhất định của bạn bè, gia đình, nhân viên tư vấn bán hàng... về việc chọn mua sản phẩm, trải nghiệm mua sắm, hoạt động thương mại... Ví dụ: mua hàng online và chọn thương hiệu thế nào; trải nghiệm mua sắm về chi phí, môi trường, dịch vụ, phương thức thanh toán; tình hình giảm giá khuyến mãi, hoạt động quảng cáo...¶Có thể hỏi và trả lời các câu hỏi có mức độ phức tạp nhất định liên quan đến trải nghiệm mua sắm và hoạt động thương mại nói trên.¶Có thể giới thiệu khá trôi chảy trải nghiệm mua sắm của mình hoặc nội dung hoạt động thương mại mà mình biết.¶Có thể đọc hiểu phần giới thiệu mang tính khái quát của bạn bè, gia đình, người bán về trải nghiệm mua sắm và hoạt động thương mại nói trên, hoặc thông tin hoạt động phổ biến khi tổ chức sự kiện ở trung tâm thương mại hoặc nền tảng mua sắm online.¶Có thể viết một đoạn để giới thiệu đơn giản trải nghiệm mua sắm hoặc nội dung hoạt động thương mại mà mình biết."
4-8,4,8,VIII,Nói về khám chữa bệnh và lối sống lành mạnh,"Có thể nghe hiểu câu hỏi có mức độ phức tạp nhất định của gia đình, bạn bè, nhân viên y tế... về tình hình khám chữa bệnh và lối sống lành mạnh, hoặc phần giới thiệu có mức độ phức tạp nhất định về những nội dung đó, như triệu chứng bệnh, tình trạng chấn thương, sức khỏe, quan niệm và kiến thức thường thức về sức khỏe...¶Có thể hỏi và trả lời các câu hỏi có mức độ phức tạp nhất định liên quan đến khám chữa bệnh và lối sống lành mạnh.¶Có thể kể khá trôi chảy tình hình khám chữa bệnh và tình hình sống khỏe của mình.¶Có thể đọc hiểu trải nghiệm đi khám chữa bệnh do bạn bè, gia đình chia sẻ, hoặc các nội dung khái quát về sống khỏe.¶Có thể viết một đoạn để giới thiệu đơn giản trải nghiệm đi khám chữa bệnh, hoặc chia sẻ tình hình sống khỏe."
4-9,4,9,IX,"Trao đổi về sở thích, giải trí và nghỉ dưỡng","Có thể nghe hiểu câu hỏi có mức độ phức tạp nhất định của bạn bè, bạn học... về tình hình hoạt động giải trí, cảm nhận và quan điểm; hoặc nghe hiểu phần giới thiệu có mức độ phức tạp nhất định của bạn bè, bạn học, gia đình... về hoạt động giải trí của họ và cảm nhận/quan điểm. Ví dụ: đọc sách, hoạt động trên mạng, thể thao, rèn luyện, ca múa, du lịch, tụ họp...¶Có thể hỏi và trả lời các câu hỏi có mức độ phức tạp nhất định về hoạt động giải trí, cảm nhận và quan điểm nói trên.¶Có thể kể khá trôi chảy về hoạt động giải trí của mình và bày tỏ cảm nhận, quan điểm.¶Có thể đọc hiểu bài ngắn mang tính khái quát về hoạt động giải trí và cảm nhận, quan điểm.¶Có thể viết một đoạn để giới thiệu đơn giản hoạt động giải trí của mình và cảm nhận, quan điểm liên quan."
4-10,4,10,X,Trao đổi về tình hình chỗ ở và tình hình cộng đồng,"Có thể nghe hiểu trong giao tiếp hằng ngày hoặc bối cảnh sinh hoạt cộng đồng, các câu hỏi có mức độ phức tạp nhất định của bạn bè, hàng xóm, nhân viên cộng đồng, môi giới nhà đất, chủ nhà... về tình hình chỗ ở, đời sống cộng đồng, thuê/mua/bán nhà... hoặc nghe hiểu phần giới thiệu có mức độ phức tạp nhất định về những nội dung đó. Ví dụ: môi trường khu dân cư, điều kiện sinh hoạt, quan hệ láng giềng, dịch vụ cộng đồng, điều kiện thuê nhà, tình hình nhà ở...¶Có thể hỏi tư vấn bạn bè, hàng xóm, nhân viên cộng đồng, môi giới, chủ nhà... các vấn đề có mức độ phức tạp nhất định về chỗ ở, cộng đồng, thuê/mua/bán nhà; có thể trả lời các câu hỏi tương ứng.¶Có thể giới thiệu khá trôi chảy cho đối phương về các tình hình liên quan đến cộng đồng nói trên.¶Có thể đọc hiểu các thông tin mang tính khái quát về cộng đồng, như bài đăng trao đổi trên mạng của cộng đồng, thông báo/bản tin cộng đồng, thông tin thuê bán nhà...¶Có thể viết một đoạn để giới thiệu đơn giản tình hình cộng đồng, như đời sống cộng đồng, tình hình nhà ở..."
4-11,4,11,XI,Trao đổi về đời sống gia đình,"Có thể nghe hiểu câu hỏi có mức độ phức tạp nhất định của gia đình, bạn bè... về đời sống tại nhà, quan hệ gia đình, quá trình trưởng thành, thói quen sinh hoạt, việc gia đình... hoặc nghe hiểu phần giới thiệu có mức độ phức tạp nhất định về những nội dung đó. Ví dụ: cách sử dụng đồ sinh hoạt, bố cục và trang trí phòng, cách các thành viên sống chung, quan hệ cha mẹ con cái, tình hình sống chung ông bà cháu, trải nghiệm trưởng thành, tình hình quê hương, hình thành thói quen và cách làm cụ thể trong đời sống, xử lý các việc gia đình cụ thể...¶Có thể hỏi và trả lời các câu hỏi có mức độ phức tạp nhất định về đời sống gia đình nói trên.¶Có thể giới thiệu khá trôi chảy cho đối phương về đời sống gia đình nói trên.¶Có thể đọc hiểu bài ngắn mang tính khái quát về đời sống gia đình nói trên.¶Có thể viết một đoạn để giới thiệu đơn giản đời sống gia đình nói trên, hoặc quan điểm/cảm nhận của mình."
4-12,4,12,XII,Nói về dạy học và học tập,"Có thể nghe hiểu câu hỏi có mức độ phức tạp nhất định của bạn học, bạn bè, gia đình, thầy cô... về tình hình khóa học, tình hình giảng dạy, trải nghiệm và kinh nghiệm học tập... hoặc phần giới thiệu có mức độ phức tạp nhất định về những nội dung đó. Ví dụ: khái quát về môn học và chuyên ngành, hoạt động giảng dạy và yêu cầu, các loại kỳ thi, quy hoạch học tập, bằng cấp, học bổng, phương pháp học và cảm nhận...¶Có thể hỏi và trả lời các câu hỏi có mức độ phức tạp nhất định về dạy học và học tập nói trên.¶Có thể giới thiệu khá trôi chảy và trao đổi thông tin với bạn học, bạn bè, thầy cô... về các nội dung dạy học và học tập nói trên.¶Có thể đọc hiểu phần giới thiệu mang tính khái quát của bạn học, bạn bè, thầy cô... về tình hình dạy học/học tập, hoặc phiếu hoạt động dạy học do giáo viên soạn.¶Có thể viết một đoạn để giới thiệu đơn giản điều mình biết về dạy học/học tập, hoặc tóm tắt đơn giản hoạt động dạy học, hoặc tình hình học của bản thân."
4-13,4,13,XIII,Trao đổi về đời sống trong trường,"Có thể nghe hiểu câu hỏi có mức độ phức tạp nhất định của bạn học, bạn bè, gia đình... về hoạt động trong trường và tình hình nhà trường, hoặc nghe hiểu phần giới thiệu có mức độ phức tạp nhất định về những nội dung đó. Ví dụ: khảo sát mức độ hài lòng về đời sống trong trường như căng tin, thư viện; các hoạt động như đêm liên hoan tốt nghiệp; môi trường như sân thể thao, khuôn viên; chi phí, chuyên ngành...¶Có thể hỏi và trả lời các câu hỏi có mức độ phức tạp nhất định về đời sống trong trường nói trên.¶Có thể giới thiệu khá trôi chảy về các tình hình đời sống trong trường như hoạt động trường học và tình hình nhà trường.¶Có thể đọc hiểu phần giới thiệu mang tính khái quát về các nội dung đời sống trong trường nói trên.¶Có thể viết một đoạn để giới thiệu đơn giản đời sống trong trường nói trên, hoặc điền các biểu mẫu đơn giản về hoạt động trường học như phiếu khảo sát, phiếu đăng ký, phiếu góp ý..."
4-14,4,14,XIV,Nói về hiện tượng và quan niệm giáo dục,"Có thể nghe hiểu câu hỏi có mức độ phức tạp nhất định về các vấn đề giáo dục như giáo dục gia đình, giáo dục xã hội..., hoặc nghe hiểu phần giới thiệu và đánh giá có mức độ phức tạp nhất định về những vấn đề đó. Ví dụ: mục tiêu và cách thức giáo dục gia đình, lựa chọn thi lên lớp/đăng ký trường, quan niệm giáo dục xã hội có ảnh hưởng và các chủ đề nóng về giáo dục, giáo dục nghề, thực trạng ngành giáo dục như tổ chức giáo dục...¶Có thể hỏi bạn bè, gia đình... về mức độ hiểu biết liên quan đến các vấn đề giáo dục nói trên; có thể trả lời các câu hỏi có mức độ phức tạp nhất định về giáo dục.¶Có thể giới thiệu khá trôi chảy hiểu biết và quan điểm của mình về các vấn đề giáo dục như giáo dục gia đình, giáo dục xã hội...¶Có thể đọc hiểu bài ngắn mang tính khái quát về các vấn đề giáo dục nói trên.¶Có thể viết một đoạn để giới thiệu đơn giản một trải nghiệm giáo dục, một hiện tượng giáo dục hoặc một quan niệm/ý tưởng giáo dục."
4-15,4,15,XV,Nói về tình hình công việc và thể hiện công việc,"Có thể nghe hiểu trong bối cảnh văn phòng, câu hỏi có mức độ phức tạp nhất định giữa đồng nghiệp về việc hành chính, thể hiện công việc, quan hệ nơi làm việc, hoặc nghe hiểu phần giới thiệu có mức độ phức tạp nhất định về những nội dung đó. Ví dụ: sắp xếp công việc cụ thể và việc văn phòng, thái độ và năng lực làm việc, cách đồng nghiệp chung sống và giúp đỡ nhau, hoạt động gắn kết tập thể do cơ quan tổ chức...¶Có thể hỏi và trả lời các câu hỏi có mức độ phức tạp nhất định về việc hành chính, thể hiện công việc và giao tiếp nơi làm việc nói trên.¶Có thể kể khá trôi chảy cho đồng nghiệp về nội dung cụ thể của việc hành chính, thể hiện công việc và giao tiếp nơi làm việc nói trên.¶Có thể đọc hiểu phần giới thiệu mang tính khái quát về việc hành chính, thể hiện công việc và giao tiếp nơi làm việc nói trên.¶Có thể viết một đoạn để giới thiệu đơn giản về việc hành chính, thể hiện công việc và giao tiếp nơi làm việc nói trên."
4-16,4,16,XVI,Giới thiệu kinh nghiệm nghề nghiệp và tình hình đơn vị,"Có thể nghe hiểu câu hỏi có mức độ phức tạp nhất định của người khác về nghề nghiệp và kinh nghiệm làm việc, tình hình đơn vị; hoặc nghe hiểu phần giới thiệu có mức độ phức tạp nhất định về những nội dung đó. Ví dụ: kinh nghiệm xin việc, làm thêm; hiện trạng và đánh giá nghề nghiệp; thay đổi vị trí, tuyển dụng, ứng tuyển, đánh giá, phỏng vấn và các tình huống quản trị nhân sự; môi trường làm việc và chế độ đãi ngộ...¶Có thể hỏi tư vấn hoặc trả lời các câu hỏi có mức độ phức tạp nhất định liên quan đến nghề nghiệp, kinh nghiệm làm việc và tình hình đơn vị nói trên.¶Có thể giới thiệu khá trôi chảy về tình hình nghề nghiệp, kinh nghiệm làm việc và tình hình đơn vị mà mình biết.¶Có thể đọc hiểu phần giới thiệu mang tính khái quát về những nội dung nói trên trong CV hoặc thông tin của đơn vị.¶Có thể viết một đoạn để kể đơn giản kinh nghiệm làm việc, giới thiệu thông tin nghề nghiệp hoặc tình hình đơn vị."
4-17,4,17,XVII,Nói về tình hình tự nhiên,"Có thể nghe hiểu trong giao tiếp hằng ngày hoặc khi tham quan du lịch, câu hỏi có mức độ phức tạp nhất định của bạn bè, gia đình, hướng dẫn viên về tình hình tự nhiên, hoặc nghe hiểu phần giới thiệu có mức độ phức tạp nhất định về tự nhiên. Ví dụ: khái quát địa lý về Trái Đất, đại dương, rừng...; biểu hiện và ảnh hưởng khí hậu ở các vùng khác nhau; tình hình động thực vật như hổ, gấu, cây cối...; cảnh quan tự nhiên như rừng, biển; hiện tượng tự nhiên như sao, mây, thời tiết...¶Có thể hỏi bạn bè, gia đình, hướng dẫn viên các câu hỏi có mức độ phức tạp nhất định về tự nhiên; có thể dựa trên hiểu biết của mình để trả lời các câu hỏi tương ứng.¶Có thể giới thiệu sơ lược một loại tình hình tự nhiên nói trên mà mình biết.¶Có thể đọc hiểu bài giới thiệu ngắn mang tính khái quát về một loại tình hình tự nhiên.¶Có thể viết một đoạn để giới thiệu đơn giản về một loại tình hình tự nhiên, như một loài động vật, trải nghiệm về một kiểu thời tiết đặc biệt..."
4-18,4,18,XVIII,Nói về tình hình bảo vệ môi trường trong đời sống,"Có thể nghe hiểu câu hỏi có mức độ phức tạp nhất định về tình trạng môi trường và bảo vệ môi trường, hoặc nghe hiểu phần giới thiệu có mức độ phức tạp nhất định về những nội dung đó. Ví dụ: tình hình môi trường chung, ô nhiễm, cách làm bảo vệ môi trường, quan niệm, quy định pháp luật liên quan...¶Có thể hỏi người khác các câu hỏi có mức độ phức tạp nhất định về tình trạng môi trường và bảo vệ môi trường trong đời sống; có thể dựa trên hiểu biết của mình để trả lời các câu hỏi tương ứng.¶Có thể giới thiệu sơ lược về tình trạng môi trường, bảo vệ môi trường và câu chuyện bảo vệ môi trường mà mình biết.¶Có thể đọc hiểu một số nội dung giới thiệu chung về tình trạng môi trường và bảo vệ môi trường trong đời sống, câu chuyện môi trường, lời nhắc tuyên truyền bảo vệ môi trường...¶Có thể viết một đoạn để kể đơn giản hiểu biết của mình về bảo vệ môi trường trong đời sống, như một hoạt động công ích, một trải nghiệm bảo vệ môi trường, một số cách làm..."
4-19,4,19,XIX,Giới thiệu ứng dụng công nghệ mới và thành tựu khoa học,"Trong giao tiếp hằng ngày có thể nghe hiểu câu hỏi chung của người khác về ứng dụng công nghệ mới, kiến thức khoa học phổ thông, thành tựu khoa học; hoặc nghe hiểu phần giới thiệu chung về một ứng dụng/kiến thức/thành tựu quen thuộc, như thanh toán quét mã, drone (máy bay không người lái) và các công nghệ mới, công nghệ mới trong đời sống, kiến thức phổ thông hữu ích, phát hiện nghiên cứu đơn giản...¶Có thể hỏi người khác về các nội dung chung liên quan đến ứng dụng công nghệ mới, kiến thức phổ thông, thành tựu khoa học; có thể dựa trên hiểu biết của mình để trả lời các câu hỏi chung.¶Có thể giới thiệu sơ lược điều mình biết và nêu quan điểm của mình về những nội dung đó.¶Có thể đọc hiểu phần giới thiệu đơn giản về ứng dụng công nghệ mới, kiến thức phổ thông và thành tựu khoa học.¶Có thể viết một đoạn để bày tỏ đơn giản hiểu biết và quan điểm về ứng dụng công nghệ mới, như kể trải nghiệm một công nghệ phục vụ đời sống và ý kiến của mình."
4-20,4,20,XX,Giới thiệu các tỉnh thành chính và các dân tộc ở Trung Quốc,"Có thể nghe hiểu câu hỏi chung hoặc phần giới thiệu chung về một tỉnh/thành phố lớn hoặc một dân tộc ở Trung Quốc, như thủ đô Trung Quốc, các thành phố lớn của các tỉnh khác, đặc điểm và phân bố của một số dân tộc thiểu số...¶Có thể giới thiệu sơ lược một tỉnh/thành phố lớn của Trung Quốc, như Bắc Kinh, Vân Nam...¶Có thể đọc hiểu phần giới thiệu đơn giản về một tỉnh/thành phố lớn hoặc một dân tộc của Trung Quốc."
4-21,4,21,XXI,Nói về hiện tượng kinh tế,"Trong giao tiếp hằng ngày có thể nghe hiểu câu hỏi có mức độ phức tạp nhất định hoặc phần giới thiệu có mức độ phức tạp nhất định về các hiện tượng kinh tế trong đời sống, như sản phẩm đang thịnh hành, mô hình kinh doanh mới, tình hình kinh tế... Ví dụ: một sản phẩm đang hot và đặc điểm, tình hình bán hàng; mô hình mới như shop online, video ngắn, dịch vụ tận nhà; hiện trạng, vấn đề và xu hướng tương lai của kinh tế...¶Có thể hỏi người khác các câu hỏi có mức độ phức tạp nhất định về các hiện tượng kinh tế nói trên; có thể dựa trên hiểu biết của mình để trả lời.¶Có thể giới thiệu sơ lược hiện tượng kinh tế mà mình biết và đưa ra quan điểm có mức độ phức tạp nhất định.¶Có thể đọc hiểu phần giới thiệu mang tính khái quát về sản phẩm thịnh hành, mô hình kinh doanh mới, tình hình kinh tế...¶Có thể viết một đoạn để bày tỏ đơn giản hiểu biết của mình về các hiện tượng kinh tế nói trên, như giới thiệu một sản phẩm mới, kể trải nghiệm mua hàng qua video ngắn..."
4-22,4,22,XXII,Nói về hiện tượng xã hội,"Trong giao tiếp hằng ngày có thể nghe hiểu câu hỏi có mức độ phức tạp nhất định hoặc phần giới thiệu có mức độ phức tạp nhất định về các hiện tượng xã hội như quan niệm sống, đời sống mạng, trào lưu thịnh hành... Ví dụ: quan niệm hôn nhân tình yêu, quan niệm tiêu dùng; cách sống trên mạng và tác động; một trào lưu nào đó...¶Có thể hỏi người khác các câu hỏi có mức độ phức tạp nhất định về các hiện tượng xã hội; có thể dựa trên hiểu biết của mình để trả lời.¶Có thể giới thiệu sơ lược các tình hình liên quan đến hiện tượng xã hội mà mình biết và nêu quan điểm của mình.¶Có thể đọc hiểu các bài viết mang tính khái quát liên quan đến hiện tượng xã hội nói trên.¶Có thể viết một đoạn để bày tỏ đơn giản hiểu biết của mình về hiện tượng xã hội, như đời sống mạng của tôi, thư viện thành phố mới xây..."
4-23,4,23,XXIII,"Giới thiệu hình thức văn nghệ, hoạt động và tác phẩm","Trong giao tiếp hằng ngày có thể nghe hiểu câu hỏi có mức độ phức tạp nhất định hoặc phần giới thiệu có mức độ phức tạp nhất định liên quan đến văn nghệ, như một loại hình văn nghệ, hoạt động văn nghệ, tác giả sáng tác và tác phẩm của họ. Ví dụ: nội dung khái quát của tiểu thuyết, phim, kịch; tình hình một buổi biểu diễn hoặc cuộc thi; một ca sĩ, nhà văn, nghệ sĩ và tác phẩm của họ...¶Có thể hỏi người khác về tình hình chung của các nội dung văn nghệ nói trên; có thể dựa trên hiểu biết của mình để trả lời.¶Có thể giới thiệu sơ lược một loại hình văn nghệ, một hoạt động văn nghệ, hoặc một tác giả và tác phẩm của họ.¶Có thể đọc hiểu phần giới thiệu mang tính khái quát về một loại hình văn nghệ, một hoạt động văn nghệ, hoặc một tác giả và tác phẩm của họ.¶Có thể viết một đoạn để bày tỏ đơn giản hiểu biết và cảm nhận về một loại hình văn nghệ, một hoạt động, một tác giả hoặc tác phẩm, như một tiểu thuyết tôi thích, một bộ phim, một nhà văn..."
4-24,4,24,XXIV,Nói về môn thể thao và thi đấu,"Trong giao tiếp hằng ngày có thể nghe hiểu câu hỏi có mức độ phức tạp nhất định hoặc phần giới thiệu có mức độ phức tạp nhất định về môn thể thao, thi đấu, danh nhân thể thao và câu chuyện. Ví dụ: đặc điểm của bóng bàn, bóng chuyền; diễn biến trận đấu, thành tích, thể hiện của vận động viên; nhân vật tiêu biểu và câu chuyện thể thao...¶Có thể hỏi bạn bè, gia đình về các nội dung có mức độ phức tạp nhất định như bóng bàn, bóng chuyền, thi đấu, danh nhân và câu chuyện; có thể dựa trên hiểu biết của mình để trả lời.¶Có thể giới thiệu sơ lược về môn bóng bàn, bóng chuyền..., các trận đấu liên quan, danh nhân thể thao và câu chuyện.¶Có thể đọc hiểu phần giới thiệu mang tính khái quát về các nội dung liên quan nói trên.¶Có thể viết một đoạn để giới thiệu đơn giản về môn thể thao, trận đấu, câu chuyện danh nhân, như môn tôi thích, một trận đấu hấp dẫn..."
4-25,4,25,XXV,Kể chuyện hữu nghị Trung Quốc - nước ngoài,"Trong giao tiếp hằng ngày có thể nghe hiểu câu chuyện giao lưu hữu nghị Trung Quốc - nước ngoài có mức độ phức tạp nhất định và ảnh hưởng của nó, như thành phố kết nghĩa, trường kết nghĩa, tình bạn xuyên quốc gia, trải nghiệm du học, trải nghiệm thi tiếng Trung...¶Có thể giới thiệu sơ lược một câu chuyện giao lưu hữu nghị Trung Quốc - nước ngoài và ảnh hưởng của nó, đồng thời nói cảm nhận.¶Có thể đọc hiểu những câu chuyện ngắn về giao lưu hữu nghị Trung Quốc - nước ngoài.¶Có thể viết một đoạn để giới thiệu đơn giản một câu chuyện giao lưu hữu nghị, như tôi và bạn Trung Quốc của tôi, trải nghiệm du học của tôi..."
4-26,4,26,XXVI,Giới thiệu tục ngữ và danh ngôn thường gặp,Có thể nghe hiểu một số tục ngữ và danh ngôn tiếng Trung thường gặp do người khác giới thiệu trong giao tiếp hằng ngày.¶Có thể giới thiệu sơ lược một số tục ngữ và danh ngôn tiếng Trung thường gặp và ý nghĩa chính của chúng.¶Có thể đọc hiểu các bài ngắn giới thiệu hoặc giải thích một số tục ngữ và danh ngôn tiếng Trung thường gặp.
4-27,4,27,XXVII,Giới thiệu văn hóa ẩm thực truyền thống,"Có thể nghe hiểu phần giới thiệu có mức độ phức tạp nhất định của bạn bè, bạn học, giáo viên... về quan niệm ẩm thực truyền thống Trung Quốc, đặc trưng ẩm thực các vùng, cửa tiệm truyền thống, thương hiệu... Ví dụ: phép tắc trên bàn ăn của người Trung Quốc, ý nghĩa văn hóa của một món ăn, hương vị các vùng, lịch sử và câu chuyện của một tiệm lâu đời trăm năm hoặc thương hiệu lâu năm...¶Có thể dựa trên hiểu biết của mình để giới thiệu sơ lược với bạn bè, bạn học, giáo viên... về các nội dung liên quan đến văn hóa ẩm thực truyền thống Trung Quốc nói trên.¶Có thể đọc hiểu phần giới thiệu mang tính khái quát về văn hóa ẩm thực truyền thống Trung Quốc nói trên.¶Có thể viết một đoạn để giới thiệu đơn giản văn hóa ẩm thực truyền thống hoặc tập tục ăn uống của Trung Quốc hoặc một quốc gia khác."
4-28,4,28,XXVIII,Giới thiệu phong tục truyền thống,"Có thể nghe hiểu phần giới thiệu có mức độ phức tạp nhất định của bạn bè, bạn học, giáo viên... về phong tục truyền thống Trung Quốc như tập tục lễ tết, tinh hoa quốc gia, truyền thống vùng miền, lễ nghi giao tiếp... Ví dụ: phong tục Tết Nguyên đán, Tết Trung thu; kungfu Trung Quốc, Kinh kịch; sở thích và kiêng kỵ dân gian; lễ nghi người Trung Quốc đối với bạn bè, thầy cô...¶Có thể dựa trên hiểu biết của mình để giới thiệu sơ lược với bạn bè, bạn học, giáo viên... về phong tục truyền thống Trung Quốc nói trên.¶Có thể đọc hiểu bài ngắn mang tính khái quát về phong tục truyền thống Trung Quốc nói trên.¶Có thể viết một đoạn để giới thiệu đơn giản một phong tục truyền thống của Trung Quốc hoặc một quốc gia khác."
4-29,4,29,XXIX,Giới thiệu danh thắng và di tích lịch sử,"Có thể nghe hiểu phần giới thiệu mang tính khái quát của bạn bè, bạn học, giáo viên... về một danh thắng hoặc di tích lịch sử của Trung Quốc, như Thiên An Môn, Vạn Lý Trường Thành...¶Có thể dựa trên hiểu biết của mình để giới thiệu sơ lược một danh thắng hoặc di tích lịch sử của Trung Quốc.¶Có thể đọc hiểu bài ngắn mang tính khái quát giới thiệu một danh thắng hoặc di tích lịch sử của Trung Quốc.¶Có thể viết một đoạn để giới thiệu đơn giản một danh thắng hoặc di tích lịch sử của Trung Quốc."
4-30,4,30,XXX,Giới thiệu nhân vật lịch sử và sự kiện lịch sử,"Có thể nghe hiểu phần giới thiệu mang tính khái quát của bạn bè, bạn học, giáo viên... về một nhân vật lịch sử Trung Quốc hoặc một sự kiện lịch sử Trung Quốc, như Khổng Tử, Lão Tử...¶Có thể dựa trên hiểu biết của mình để giới thiệu sơ lược tình hình liên quan đến một nhân vật lịch sử Trung Quốc hoặc một sự kiện lịch sử Trung Quốc.¶Có thể đọc hiểu bài ngắn mang tính khái quát giới thiệu một nhân vật lịch sử Trung Quốc hoặc một sự kiện lịch sử Trung Quốc."
5-1,5,1,I,Trao đổi và xử lý công việc thường ngày,"Có thể nghe hiểu trong đời sống hằng ngày những câu hỏi và phần giới thiệu của đối phương về các tình huống tương đối phức tạp như xử lý nghiệp vụ, nhờ giúp đỡ khi gặp khó khăn. Ví dụ: lời nói của nhân viên khi làm thủ tục thông quan hải quan, gửi bưu phẩm và giao nhận, nghiệp vụ bảo hiểm, thanh toán các loại phí sinh hoạt; lời nói của những người liên quan khi cần hỗ trợ về pháp luật, truyền thông, cảnh vụ, sinh hoạt...¶Khi gặp các tình huống tương đối phức tạp như xử lý nghiệp vụ và nhờ giúp đỡ nói trên, có thể trình bày khá trôi chảy tình hình của mình, đặt câu hỏi, bày tỏ mong muốn nhờ giúp hoặc giải quyết công việc, và cùng thương lượng để giải quyết.¶Có thể kể khá trôi chảy các trải nghiệm xử lý nghiệp vụ và nhờ giúp đỡ trong đời sống hằng ngày nói trên.¶Có thể đọc hiểu các bài viết mang tính khái quát về trải nghiệm xử lý nghiệp vụ và nhờ giúp đỡ nói trên, hoặc đọc hiểu một số quy định/thông báo chung trong quá trình làm việc. Ví dụ: hóa đơn thanh toán phí sinh hoạt, phần giới thiệu tình hình cơ bản của nghiệp vụ bảo hiểm...¶Có thể viết bài ngắn để kể lại trải nghiệm nói trên và giới thiệu một số tình hình liên quan."
5-2,5,2,II,Nói về trải nghiệm ăn uống,"Có thể nghe hiểu trong giao tiếp hằng ngày các câu hỏi và phần giới thiệu của đối phương về tình huống tương đối phức tạp liên quan đến trải nghiệm ăn uống. Ví dụ: loại hình và phong cách nhà hàng, có kiêng kỵ món gì không, gợi ý chọn món; sở thích khẩu vị cá nhân, cách ăn, cách làm - thói quen ăn uống; nói về việc làm đồ ăn nhanh, lựa chọn nguyên liệu, phương pháp nấu nướng; trải nghiệm ăn uống ở chợ, chợ đêm, phố đi bộ và các địa điểm khác nhau.¶Có thể trao đổi khá trôi chảy với người khác về các chủ đề trải nghiệm ăn uống nói trên, kể trải nghiệm, cảm nhận và quan điểm của mình.¶Có thể đọc hiểu các bài viết mang tính khái quát về chủ đề trải nghiệm ăn uống nói trên. Ví dụ: đặc trưng nhà hàng, gợi ý chọn món, giới thiệu ẩm thực đặc sắc về nguyên liệu, khẩu vị, cách ăn, cách làm; trải nghiệm ăn uống trong các môi trường khác nhau...¶Có thể viết bài ngắn để giới thiệu trải nghiệm và cảm nhận của mình về các chủ đề nói trên."
5-3,5,3,III,Nói về giao thông và đi lại,"Có thể nghe hiểu trong giao tiếp hằng ngày các câu hỏi và phần giới thiệu của đối phương về tình huống tương đối phức tạp liên quan đến giao thông đi lại. Ví dụ: sử dụng phương tiện giao thông, vận chuyển và lưu kho hàng hóa, tình trạng xe tàu chạy; hành trình trong chuyến đi, cảm nhận, tình hình lái xe...¶Có thể trao đổi khá trôi chảy với người khác về tình hình giao thông đi lại nói trên, kể trải nghiệm và cảm nhận của mình.¶Có thể đọc hiểu các bài viết mang tính khái quát về tình hình giao thông đi lại nói trên, hoặc bài viết về trải nghiệm đi lại.¶Có thể viết bài ngắn để chia sẻ trải nghiệm đi lại và cảm nhận của mình."
5-4,5,4,IV,Nói về trải nghiệm mua sắm,"Có thể nghe hiểu trong quá trình mua sắm các câu hỏi và phần giới thiệu của người bán về tình huống tương đối phức tạp như chọn mua sản phẩm và hoạt động tiêu dùng. Ví dụ: thương hiệu, công dụng, chất lượng, dịch vụ sau bán, trải nghiệm mua sắm; cách tiêu dùng, kênh mua sắm, hoạt động khuyến mãi...¶Có thể trao đổi khá trôi chảy với người khác về tình hình chọn mua sản phẩm và hoạt động tiêu dùng nói trên.¶Có thể đọc hiểu các phần giới thiệu mang tính khái quát về việc chọn mua sản phẩm và hoạt động tiêu dùng, như giới thiệu sản phẩm, hướng dẫn sử dụng, quảng cáo khuyến mãi, trải nghiệm mua sắm...¶Có thể viết bài ngắn để chia sẻ trải nghiệm mua sắm của mình."
5-5,5,5,V,Nói về y tế và sức khỏe,"Có thể nghe hiểu trong giao tiếp hằng ngày những câu hỏi và phần giới thiệu tương đối phức tạp của đối phương về tình trạng chấn thương bệnh tật, khám chữa bệnh, sức khỏe tinh thần, quan niệm về sức khỏe. Ví dụ: tình hình bị thương, tình trạng bệnh và triệu chứng; cấp cứu, chẩn đoán và điều trị; biểu hiện sức khỏe tâm lý, biểu hiện vấn đề tâm lý; trạng thái cơ thể, kiến thức và quan niệm sức khỏe, cách phòng bệnh...¶Có thể kể khá trôi chảy cho đối phương về các tình hình nói trên, trao đổi với đối phương và bày tỏ quan điểm của mình.¶Có thể đọc hiểu các bài viết mang tính khái quát về tình hình y tế - sức khỏe nói trên, như trải nghiệm bị thương, lưu ý khi cấp cứu, cách giữ sức khỏe tinh thần, cách phòng bệnh...¶Có thể viết bài ngắn để chia sẻ trải nghiệm và cảm nhận của mình về y tế - sức khỏe nói trên."
5-6,5,6,VI,Nói về hoạt động giải trí,"Có thể nghe hiểu trong giao tiếp hằng ngày những cách diễn đạt tương đối phức tạp của đối phương về chủ đề hoạt động giải trí, cảm nhận hoạt động và suy nghĩ tản mạn về cuộc sống. Ví dụ: thể thao ngoài trời, làm đồ thủ công, chụp ảnh, du lịch nghỉ dưỡng, xem triển lãm... và các cảm nhận về cuộc sống, suy ngẫm nhân sinh...¶Có thể kể khá trôi chảy về cách thức giải trí và cảm nhận của mình, cũng như những suy ngẫm về cuộc sống.¶Có thể đọc hiểu các bài viết mang tính khái quát giới thiệu cách thức giải trí, hoặc các bài thuộc dạng cảm nhận cuộc sống và suy ngẫm nhân sinh.¶Có thể viết bài ngắn để giới thiệu cách thức giải trí của mình hoặc bày tỏ cảm nhận và suy ngẫm về cuộc sống."
5-7,5,7,VII,Trao đổi về đời sống cộng đồng và khu dân cư,"Có thể nghe hiểu trong giao tiếp hằng ngày các câu hỏi và phần giới thiệu tương đối phức tạp của đối phương về tình hình cư trú, quản lý cộng đồng và đời sống cộng đồng. Ví dụ: môi trường khu dân cư, tình trạng trong nhà, trang trí - sửa chữa; cơ sở vật chất công cộng, quản lý tòa nhà, an ninh, tai nạn, sự kiện vi phạm pháp luật - nội quy; quan hệ láng giềng, dịch vụ cộng đồng, tình nguyện, thuê - bán nhà...¶Có thể kể khá trôi chảy những tình huống nói trên mà mình nghe thấy hoặc gặp phải trong đời sống cộng đồng, và trao đổi với người khác về đời sống cộng đồng.¶Có thể đọc hiểu các bài viết mang tính khái quát giới thiệu tình hình đời sống cộng đồng nói trên, hoặc các thông báo,公告 (thông cáo), điều khoản dịch vụ... liên quan đến đời sống cộng đồng.¶Có thể viết bài ngắn để chia sẻ tình hình đời sống cộng đồng nói trên của mình, hoặc gửi email cho người khác để nói rõ nội dung muốn tìm hiểu hoặc vấn đề mình gặp phải."
5-8,5,8,VIII,Trao đổi về đời sống gia đình,"Có thể nghe hiểu trong giao tiếp hằng ngày các phần giới thiệu, thảo luận và trao đổi tương đối phức tạp của gia đình, bạn bè... về đời sống tại nhà, hoạt động gia đình và vấn đề gia đình. Ví dụ: đồ dùng gia đình, nội thất và thiết bị điện; hoạt động cưới hỏi, hoạt động cha mẹ - con cái; quan niệm gia đình, quan hệ gia đình, nghĩa vụ gia đình...¶Có thể kể khá trôi chảy những tình huống đời sống gia đình nói trên mà mình nghe hoặc trải nghiệm, trao đổi với người khác và bày tỏ quan điểm.¶Có thể đọc hiểu các bài viết mang tính khái quát giới thiệu hoặc thảo luận về đời sống tại nhà, hoạt động gia đình, vấn đề gia đình.¶Có thể viết bài ngắn chia sẻ hoạt động gia đình mình đã trải nghiệm hoặc nêu quan điểm về vấn đề gia đình."
5-9,5,9,IX,Báo cáo tình hình học tập,"Có thể nghe hiểu trong các tình huống như họp lớp, buổi chia sẻ kinh nghiệm... những câu hỏi hoặc phần giới thiệu tương đối phức tạp của bạn học về tình hình khóa học, giảng dạy, trải nghiệm học tập và 心得 (kinh nghiệm/thu hoạch học tập). Ví dụ: thiết kế chương trình, nội dung môn học, giáo trình, ngành học; tình hình lớp học, yêu cầu giảng dạy, phương thức dạy; trải nghiệm viết bài, thuyết trình, làm thí nghiệm, viết luận văn, lấy chứng chỉ, đạt tư cách/chứng nhận; mục tiêu học tập, phương pháp học, cảm nhận học tập...¶Có thể báo cáo khá trôi chảy tình hình học tập của mình, trao đổi với bạn học về các nội dung nói trên và bày tỏ quan điểm.¶Có thể đọc hiểu bài viết mang tính khái quát của bạn học giới thiệu tình hình học tập, hoặc đọc hiểu slide thuyết trình báo cáo học tập.¶Có thể viết bài ngắn giới thiệu tình hình học tập của mình, như kinh nghiệm học, kế hoạch học, báo cáo kết quả..."
5-10,5,10,X,Chia sẻ trải nghiệm và kinh nghiệm đời sống trong trường,"Có thể nghe hiểu trong bối cảnh buổi chia sẻ do bộ phận nhà trường hoặc câu lạc bộ sinh viên tổ chức, những câu hỏi hoặc phần giới thiệu tương đối phức tạp của bạn học và giáo viên về hoạt động trong trường và tình hình nhà trường. Ví dụ: tuyên truyền hoạt động câu lạc bộ, chia sẻ kinh nghiệm học ở trường, sắp xếp hoạt động sinh viên, thông tin đào tạo và tọa đàm; làm thủ tục trong trường, ăn ở sinh hoạt, tình hình khoa/ngành đang học...¶Có thể kể khá trôi chảy trải nghiệm và kinh nghiệm tham gia hoạt động trong trường của mình, trao đổi với bạn học và bày tỏ quan điểm.¶Có thể đọc hiểu bài viết mang tính khái quát về trải nghiệm và kinh nghiệm đời sống trong trường, hoặc đọc hiểu poster hoạt động trường học.¶Có thể viết bài ngắn chia sẻ trải nghiệm và kinh nghiệm hoạt động trong trường, và có thể sáng tác poster hoạt động trường học."
5-11,5,11,XI,Nói về tình hình và vấn đề giáo dục,"Có thể nghe hiểu trong giao tiếp hằng ngày các câu hỏi, phần giới thiệu và quan điểm tương đối phức tạp của đối phương về giáo dục gia đình, giáo dục nhà trường, giáo dục xã hội, giáo dục nghề... Ví dụ: quan niệm giáo dục, phương thức giáo dục, vấn đề giáo dục...¶Có thể giới thiệu khá trôi chảy cho người khác về tình hình giáo dục gia đình, nhà trường, xã hội, nghề nghiệp mà mình trải nghiệm hoặc hiểu biết, và bày tỏ quan điểm về vấn đề giáo dục.¶Có thể đọc hiểu các bài viết mang tính khái quát về tình hình và vấn đề giáo dục nói trên.¶Có thể viết bài ngắn giới thiệu trải nghiệm và quan điểm của mình về tình hình và vấn đề giáo dục nói trên."
5-12,5,12,XII,Trao đổi về nội dung công việc và kinh nghiệm làm việc,"Có thể nghe hiểu trong giao tiếp hằng ngày các câu hỏi hoặc phần giới thiệu tương đối phức tạp của đồng nghiệp về nội dung công việc và kinh nghiệm làm việc. Ví dụ: dự án, nghiệp vụ, phương án, tiến độ trong công việc; các trải nghiệm như thực tập, nghỉ việc, thôi việc, thất nghiệp, về hưu...¶Có thể giới thiệu khá trôi chảy cho người khác về nội dung công việc và kinh nghiệm làm việc liên quan mà mình biết, và có thể trao đổi quan điểm với đối phương.¶Có thể đọc hiểu các bài viết mang tính khái quát hoặc bản tin công việc về nội dung công việc và kinh nghiệm làm việc nói trên.¶Có thể viết bài ngắn giới thiệu nội dung công việc và kinh nghiệm làm việc của mình hoặc của người khác, đồng thời bày tỏ quan điểm."
5-13,5,13,XIII,Nói về tình hình kinh doanh và quản lý,"Có thể nghe hiểu trong giao tiếp hằng ngày các câu hỏi hoặc phần giới thiệu tương đối phức tạp của đồng nghiệp về tình hình kinh doanh và quản lý như hợp tác nhóm, quản lý nhân sự. Ví dụ: ý tưởng và quá trình khởi nghiệp; cách thức và quá trình hợp tác nhóm; đào tạo nhân viên, tuyển dụng, cơ cấu nhân sự, lương thưởng và đãi ngộ...¶Có thể giới thiệu khá trôi chảy cho người khác về tình hình kinh doanh và quản lý như hợp tác nhóm, quản lý nhân sự mà mình biết, và có thể trao đổi quan điểm với đối phương.¶Có thể đọc hiểu các bài viết mang tính khái quát về tình hình kinh doanh và quản lý như hợp tác nhóm, quản lý nhân sự.¶Có thể viết bài ngắn giới thiệu trải nghiệm của mình hoặc người khác về hợp tác nhóm, quản lý nhân sự và bày tỏ quan điểm."
5-14,5,14,XIV,Nói về tình hình tự nhiên,"Có thể nghe hiểu trong các bối cảnh như bài giảng phổ biến khoa học, tham quan bảo tàng... phần giới thiệu của bạn bè, chuyên gia, thuyết minh viên về tài nguyên thiên nhiên, khái quát địa lý, hiện tượng tự nhiên, quy luật tự nhiên, động thực vật... Ví dụ: tài nguyên nước, vàng và các tài nguyên khác; sa mạc, đất liền, sông ngòi và địa hình; khí hậu - thời tiết đặc biệt như mưa lớn, bão tuyết và một số quy luật tự nhiên; động thực vật như chuột, thỏ, côn trùng, khỉ, voi, tre...¶Có thể giới thiệu khá trôi chảy cho người khác về các nội dung chính của tình hình tự nhiên nói trên mà mình biết.¶Có thể đọc hiểu các bài phổ biến khoa học mang tính khái quát hoặc bài báo tin tức sự kiện liên quan đến tình hình tự nhiên nói trên.¶Có thể viết bài ngắn giới thiệu điều mình biết về tình hình tự nhiên nói trên."
5-15,5,15,XV,Nói về vấn đề môi trường,"Có thể nghe hiểu các bản tin/đưa tin mang tính khái quát về môi trường đô thị và nông thôn, bảo vệ môi trường... hoặc nội dung mọi người bàn về vấn đề môi trường. Ví dụ: ảnh hưởng của hoạt động con người; môi trường sống, thay đổi môi trường đô thị - nông thôn; ô nhiễm và 治理 (quản lý/khắc phục) môi trường.¶Có thể giới thiệu khá trôi chảy cho người khác về nội dung chính của các vấn đề môi trường nói trên mà mình biết, có thể trao đổi và nêu quan điểm.¶Có thể đọc hiểu tin tức và bài viết mang tính khái quát giới thiệu về các vấn đề môi trường nói trên.¶Có thể viết bài ngắn giới thiệu tình hình môi trường mà mình biết và bày tỏ quan điểm."
5-16,5,16,XVI,Giới thiệu sản phẩm khoa học kỹ thuật,"Có thể nghe hiểu trong giao tiếp hằng ngày phần giới thiệu mang tính khái quát của đối phương về phát triển và ứng dụng sản phẩm khoa học kỹ thuật liên quan đến đời sống. Ví dụ: giới thiệu về robot, công nghệ livestream, một số sản phẩm thông minh...¶Có thể giới thiệu khá trôi chảy cho người khác về nội dung chính của việc phát triển và ứng dụng các sản phẩm khoa học kỹ thuật nói trên mà mình biết, trao đổi với người khác và nêu quan điểm.¶Có thể đọc hiểu tin tức và bài viết mang tính khái quát về phát triển và ứng dụng sản phẩm khoa học kỹ thuật nói trên.¶Có thể viết bài ngắn giới thiệu điều mình biết về một số sản phẩm khoa học kỹ thuật liên quan đến đời sống."
5-17,5,17,XVII,Giới thiệu kiến thức khoa học,"Có thể nghe hiểu trong giao tiếp hằng ngày nội dung chính của kiến thức phổ biến khoa học và thành quả nghiên cứu khoa học do đối phương giới thiệu. Ví dụ:常识 khoa học trong đời sống, kiến thức phổ biến của các ngành; quá trình và kết luận của thí nghiệm khoa học.¶Có thể giới thiệu khá trôi chảy cho người khác về nội dung chính của kiến thức phổ biến khoa học và thành quả nghiên cứu nói trên mà mình biết, trao đổi và nêu quan điểm.¶Có thể đọc hiểu bài viết mang tính khái quát giới thiệu kiến thức phổ biến khoa học và thành quả nghiên cứu.¶Có thể viết bài ngắn giới thiệu điều mình biết về một số kiến thức phổ biến khoa học và thành quả nghiên cứu liên quan đến đời sống."
5-18,5,18,XVIII,Giới thiệu khái quát về Trung Quốc,"Có thể nghe hiểu trong giao tiếp hằng ngày phần giới thiệu mang tính khái quát về Trung Quốc như phân chia đơn vị hành chính, tình hình dân số, đặc trưng thời đại. Ví dụ: cấp bậc đơn vị hành chính, các tỉnh thành chính; khái quát các dân tộc, tình hình giáo dục của cư dân; đặc trưng thời đại như địa vị xã hội, hình ảnh xã hội, tinh thần diện mạo của các nhóm người...¶Có thể giới thiệu khá trôi chảy cho người khác những nội dung khái quát về Trung Quốc nói trên mà mình biết.¶Có thể đọc hiểu các nội dung mang tính khái quát về Trung Quốc nói trên trong bài viết.¶Có thể viết bài ngắn giới thiệu điều mình biết về khái quát Trung Quốc và bày tỏ quan điểm."
5-19,5,19,XIX,Nói về hiện tượng kinh tế,"Có thể nghe hiểu trong giao tiếp hằng ngày hoặc trong tin tức nội dung chính về hiện tượng kinh tế như hoạt động thương mại và phát triển kinh tế. Ví dụ: tình hình một sản phẩm; hoạt động thương mại như triển lãm, hợp tác, quảng bá sản phẩm; hiện trạng ngành nghề, phát triển doanh nghiệp, chủ đề kinh tế nóng, xu hướng tương lai...¶Có thể giới thiệu khá trôi chảy cho người khác nội dung chính của hiện tượng kinh tế nói trên mà mình biết, có thể trao đổi và nêu quan điểm.¶Có thể đọc hiểu nội dung chính trong các bản tin về hiện tượng kinh tế nói trên và các bài viết mang tính khái quát.¶Có thể viết bài ngắn giới thiệu nội dung chính của một hiện tượng kinh tế mà mình biết và bày tỏ quan điểm."
5-20,5,20,XX,Nói về hiện tượng xã hội,"Có thể nghe hiểu trong giao tiếp hằng ngày hoặc trong tin tức nội dung chính về hiện tượng xã hội như phát triển dân sinh, sự vật mới nổi, quan niệm xã hội, xây dựng hạ tầng cơ sở. Ví dụ: vấn đề việc làm và thất nghiệp, vấn đề dân số, biến chuyển xã hội; quan niệm sống, quan niệm làm việc, quan niệm giao tiếp, quan niệm tiêu dùng; xây dựng cơ sở hạ tầng như giao thông, công trình kiến trúc, cơ sở giải trí công cộng...¶Có thể giới thiệu khá trôi chảy cho người khác nội dung chính của hiện tượng xã hội nói trên mà mình biết, có thể trao đổi và nêu quan điểm.¶Có thể đọc hiểu nội dung chính trong bản tin về hiện tượng xã hội nói trên và các bài viết mang tính khái quát.¶Có thể viết bài ngắn giới thiệu nội dung chính của một hiện tượng xã hội mà mình biết và bày tỏ quan điểm."
5-21,5,21,XXI,"Nói về hình thức văn nghệ, kiến thức thường thức và tác phẩm","Có thể nghe hiểu trong giao tiếp hằng ngày phần giới thiệu tương đối phức tạp của đối phương về hình thức văn nghệ, kiến thức văn nghệ, tác giả sáng tác và tác phẩm, hoạt động văn nghệ. Ví dụ: tiểu thuyết, thơ ca, nhiếp ảnh, sân khấu, phim truyền hình, game kỹ thuật số... và tác phẩm; kiến thức văn học, nghệ thuật, sân khấu, điện ảnh; nhà thơ, đạo diễn, tác giả sân khấu và tác phẩm; câu lạc bộ đọc sách, triển lãm ảnh, liên hoan phim...¶Có thể giới thiệu khá trôi chảy cho người khác nội dung chính về một hình thức văn nghệ, kiến thức văn nghệ hoặc tác phẩm mà mình biết, và trao đổi quan điểm.¶Có thể đọc hiểu các bài viết mang tính khái quát giới thiệu hình thức văn nghệ, kiến thức văn nghệ, tác phẩm văn nghệ nói trên.¶Có thể viết bài ngắn giới thiệu một hoạt động văn nghệ hoặc một tác phẩm văn nghệ mà mình biết."
5-22,5,22,XXII,Nói về môn thể thao và sự kiện thi đấu,"Có thể nghe hiểu trong giao tiếp hằng ngày phần giới thiệu tương đối phức tạp của người khác về tình hình môn thể thao, sự kiện thể thao, câu chuyện danh nhân thể thao. Ví dụ: đặc điểm của nhảy cao, nhảy xa; tình hình sân đấu, đánh giá chấm điểm, lễ khai mạc - bế mạc; câu chuyện trưởng thành, thành tựu, vị thế và ảnh hưởng của danh nhân thể thao...¶Có thể giới thiệu khá trôi chảy về môn thể thao, tình hình sự kiện và nhân vật thể thao mà mình biết, và trao đổi với người khác.¶Có thể đọc hiểu các bài viết mang tính khái quát giới thiệu tình hình môn thể thao, sự kiện thi đấu và sự tích danh nhân thể thao.¶Có thể viết bài ngắn giới thiệu điều mình biết về môn thể thao, sự kiện và danh nhân thể thao."
5-23,5,23,XXIII,Nói về sự kiện giao lưu quốc tế,"Có thể nghe hiểu trong đời sống hằng ngày phần giới thiệu hoặc đưa tin tương đối phức tạp về sự kiện giao lưu hữu nghị quốc tế, như câu chuyện giao lưu hữu nghị, chuyến thăm hữu nghị quốc tế, trường hợp hợp tác quốc tế...¶Có thể giới thiệu khá trôi chảy cho người khác về sự kiện giao lưu hữu nghị quốc tế mà mình biết, và có thể trao đổi.¶Có thể đọc hiểu các bản tin và câu chuyện mang tính khái quát về sự kiện giao lưu hữu nghị quốc tế nói trên.¶Có thể viết bài ngắn giới thiệu câu chuyện giao lưu hữu nghị quốc tế mà mình biết."
5-24,5,24,XXIV,Giới thiệu ngôn ngữ và chữ viết Trung Quốc,"Có thể nghe hiểu trong giao tiếp hằng ngày hoặc trong hoạt động - bài giảng nội dung chính về tục ngữ dân gian, thành ngữ, danh ngôn danh câu, hiện tượng ngôn ngữ tiếng Hán do bạn bè, diễn giả... giới thiệu. Ví dụ: ý nghĩa và câu chuyện của tục ngữ; đặc điểm phát âm, từ vựng, ngữ pháp, chữ Hán...¶Có thể giới thiệu khá trôi chảy một số tục ngữ dân gian, thành ngữ, danh ngôn danh câu, hiện tượng ngôn ngữ thường gặp.¶Có thể đọc hiểu bài viết mang tính khái quát giới thiệu và giải thích tục ngữ, thành ngữ, danh ngôn danh câu, hiện tượng ngôn ngữ thường gặp.¶Có thể viết bài ngắn giới thiệu một tục ngữ hoặc thành ngữ mà mình biết, hoặc viết về cách mình hiểu đặc điểm ngôn ngữ và chữ viết Trung Quốc."
5-25,5,25,XXV,Giới thiệu phong tục truyền thống thời cổ đại và cảnh quan nhân văn Trung Quốc,"Có thể nghe hiểu trong hoạt động trải nghiệm văn hóa, khóa học văn hóa, bài giảng... nội dung chính do bạn Trung Quốc, giáo viên, diễn giả giới thiệu về phong tục truyền thống và cảnh quan nhân văn. Ví dụ: ẩm thực địa phương và khác biệt ẩm thực vùng miền; Tết Đoan Ngọ, Tết Trùng Dương và phong tục; truyền thuyết dân gian; đời sống thường ngày của người xưa; danh thắng và di tích...¶Có thể giới thiệu khá trôi chảy một số nội dung chính về phong tục truyền thống cổ đại Trung Quốc nói trên, và trao đổi với người khác về cách hiểu và cảm nhận của mình.¶Có thể đọc hiểu nội dung chính của các bài viết mang tính khái quát giới thiệu văn hóa dân tục truyền thống cổ đại Trung Quốc."
5-26,5,26,XXVI,Giới thiệu tư tưởng và nghệ thuật truyền thống Trung Quốc,"Có thể nghe hiểu trong hoạt động trải nghiệm văn hóa, khóa học văn hóa, bài giảng... nội dung chính do bạn Trung Quốc, giáo viên, diễn giả giới thiệu về tư tưởng và nghệ thuật truyền thống Trung Quốc. Ví dụ: tư tưởng, danh ngôn, tác phẩm của người xưa được lưu truyền rộng rãi; thư pháp, quốc họa, nhạc dân tộc, nghệ thuật kể - hát dân gian, võ thuật, thủ công mỹ nghệ...¶Có thể giới thiệu khá trôi chảy một số nội dung chính về tư tưởng và nghệ thuật truyền thống Trung Quốc nói trên, và trao đổi với người khác về cách hiểu và cảm nhận của mình.¶Có thể đọc hiểu nội dung chính của bài viết mang tính khái quát giới thiệu tư tưởng và nghệ thuật truyền thống Trung Quốc."
5-27,5,27,XXVII,Giới thiệu lịch sử Trung Quốc,"Có thể nghe hiểu trong khóa học văn hóa, bài giảng, giao tiếp thường ngày... nội dung chính do bạn Trung Quốc, giáo viên, diễn giả giới thiệu về nhân vật lịch sử và sự kiện lịch sử Trung Quốc. Ví dụ: nguyên nhân, diễn biến, kết quả của sự kiện; bối cảnh, câu chuyện, địa vị của nhân vật lịch sử...¶Có thể kể khá trôi chảy một số nhân vật và sự kiện lịch sử Trung Quốc thời cổ đại, có thể trao đổi với người khác về cách hiểu và cảm nhận. Ví dụ: nội dung lịch sử chính của nhà Đường, nhà Tống; việc xây dựng Vạn Lý Trường Thành...¶Có thể đọc hiểu nội dung chính của các bài viết mang tính khái quát giới thiệu nhân vật lịch sử và sự kiện lịch sử Trung Quốc."
5-28,5,28,XXVIII,Giới thiệu khoa học kỹ thuật cổ đại Trung Quốc,"Có thể nghe hiểu trong khóa học văn hóa, bài giảng, giao tiếp thường ngày... nội dung chính do bạn Trung Quốc, giáo viên, diễn giả giới thiệu về thành tựu khoa học kỹ thuật cổ đại, quan niệm khoa học cổ đại và sự tích nhà khoa học cổ đại của Trung Quốc. Ví dụ: thành tựu y học cổ truyền, thành tựu khoa học kỹ thuật, thành tựu nông nghiệp; quan niệm sức khỏe truyền thống; thành tựu và ảnh hưởng về sau của các nhà khoa học cổ đại...¶Có thể kể khá trôi chảy một số nội dung về thành tựu khoa học kỹ thuật cổ đại, quan niệm khoa học cổ đại và sự tích nhà khoa học cổ đại, và trao đổi với người khác về cách hiểu và cảm nhận.¶Có thể đọc hiểu nội dung chính của các bài viết mang tính khái quát giới thiệu thành tựu khoa học kỹ thuật cổ đại, quan niệm khoa học cổ đại và sự tích nhà khoa học cổ đại."
6-1,6,1,I,Trao đổi và xử lý công việc thường ngày,"Có thể nghe hiểu trong đời sống hằng ngày các câu hỏi và phần giới thiệu của người khác về những tình huống phức tạp liên quan đến làm thủ tục nghiệp vụ và nhờ giúp đỡ khi gặp khó khăn. Ví dụ: lời nói của nhân viên khi làm thủ tục hành chính đô thị, nghiệp vụ đại lý/ủy thác, vi phạm giao thông, thủ tục tài chính; lời nói của người liên quan khi cần bồi thường kinh tế, trợ giúp người khuyết tật, cứu trợ khi gặp nguy hiểm/thiên tai...¶Khi gặp những tình huống xử lý nghiệp vụ và nhờ giúp đỡ nói trên, có thể trình bày trôi chảy tình hình của mình, đặt câu hỏi, thể hiện mong muốn nhờ giúp/giải quyết việc, và thương lượng để giải quyết.¶Có thể kể trôi chảy trải nghiệm làm thủ tục nghiệp vụ và nhờ giúp đỡ trong đời sống hằng ngày nói trên.¶Có thể đọc hiểu các bài viết về trải nghiệm xử lý nghiệp vụ và nhờ giúp đỡ nói trên, hoặc đọc hiểu một số quy định, văn bản trong quá trình làm thủ tục. Ví dụ: thông báo vi phạm giao thông, đơn xin bồi thường kinh tế...¶Có thể viết bài để kể lại trải nghiệm nói trên hoặc nêu quan điểm của mình."
6-2,6,2,II,Nói về ăn uống,"Có thể nghe hiểu trong giao tiếp hằng ngày phần giới thiệu của người khác về những tình huống phức tạp liên quan đến trải nghiệm ăn uống và an toàn thực phẩm. Ví dụ: đánh giá tổng hợp về môi trường ăn uống, dịch vụ nhà hàng, cách ăn, cách làm, dụng cụ, món ăn...; các nội dung liên quan đến an toàn thực phẩm như thành phần dinh dưỡng, bảo quản thực phẩm, khuyến nghị an toàn thực phẩm...¶Có thể trao đổi trôi chảy với người khác về các chủ đề ăn uống nói trên, kể trải nghiệm, cảm nhận và quan điểm của mình.¶Có thể đọc hiểu các bài viết dạng giới thiệu về những chủ đề ăn uống nói trên.¶Có thể viết bài giới thiệu trải nghiệm và cảm nhận của mình về những chủ đề ăn uống nói trên, như quy trình làm một món ăn, một trải nghiệm dùng bữa đáng nhớ..."
6-3,6,3,III,Nói về giao thông và đi lại,"Có thể nghe hiểu trong giao tiếp hằng ngày phần giới thiệu của người khác về những tình huống phức tạp như trải nghiệm đi lại và “cẩm nang/chiến lược” đi lại. Ví dụ: hành trình đã đi qua, phong cảnh dọc đường, cảm ngộ khi du lịch; các hướng dẫn đi lại liên quan đến sinh tồn ngoài trời, xử lý sự cố bất ngờ, các lưu ý khi đi...¶Có thể trao đổi trôi chảy với người khác về trải nghiệm đi lại và hướng dẫn đi lại nói trên, kể trải nghiệm và cảm nhận của mình.¶Có thể đọc hiểu các bài viết liên quan đến trải nghiệm đi lại và hướng dẫn đi lại nói trên.¶Có thể viết bài chia sẻ trải nghiệm đi lại và “cẩm nang” đi lại của mình."
6-4,6,4,IV,Nói về y tế và sức khỏe,"Có thể trong các tình huống như giao tiếp hằng ngày, buổi nói chuyện về sức khỏe... nghe hiểu phần giới thiệu về những tình huống phức tạp liên quan đến khám chữa bệnh và sống khỏe. Ví dụ: tình trạng bệnh và triệu chứng, chẩn đoán - điều trị, tình hình các cơ quan cơ thể; quan niệm sức khỏe, quy luật phát triển thể chất - tinh thần, quan niệm và cách làm về quản lý sức khỏe...¶Có thể trôi chảy nói về tình trạng của bản thân và những điều mình biết liên quan đến y tế - sức khỏe, và trao đổi với đối phương.¶Có thể đọc hiểu các bài viết liên quan đến tình huống y tế - sức khỏe nói trên.¶Có thể viết bài chia sẻ trải nghiệm của mình về y tế - sức khỏe và cách mình hiểu về lối sống lành mạnh."
6-5,6,5,V,"Giao tiếp và trao đổi về đời sống cộng đồng, khu dân cư","Có thể nghe hiểu trong giao tiếp hằng ngày các câu hỏi và phần giới thiệu của đối phương về đời sống cộng đồng phức tạp như tình hình cư trú, dịch vụ cộng đồng, quản lý cộng đồng, đời sống cư dân. Ví dụ: môi trường cộng đồng, thiết bị - đồ dùng trong nhà, sử dụng điện - nước - gas, tình hình nhà ở; vệ sinh và dọn dẹp cộng đồng, dịch vụ tiện ích; quản lý tòa nhà, bảo trì cộng đồng, xử lý hỏng hóc và loại bỏ nguy hiểm; hoạt động giải trí của cư dân, giao tiếp láng giềng...¶Có thể trôi chảy kể những tình huống nói trên mà mình nghe thấy hoặc gặp phải trong đời sống cộng đồng, và trao đổi với người khác về đời sống cộng đồng.¶Có thể đọc hiểu các bài viết giới thiệu đời sống cộng đồng nói trên, hoặc quy định quản lý tòa nhà, quy ước bảo trì cộng đồng, tin tức cộng đồng...¶Có thể viết bài chia sẻ đời sống cộng đồng nói trên của mình, hoặc gửi email cho đối phương để trao đổi tình hình."
6-6,6,6,VI,Trao đổi về tình hình học tập,"Có thể nghe hiểu trong các bối cảnh như họp lớp, buổi chia sẻ kinh nghiệm, hội thảo... phần giới thiệu của bạn học, giáo viên, chuyên gia về các tình huống phức tạp liên quan đến môn học, giảng dạy, người học. Ví dụ: hình thức thi, loại hình khóa học, tình hình học vị - bằng cấp; tình hình giảng dạy của giáo viên, tài nguyên giảng dạy; năng lực học tập của người học, đặc điểm học tập, biểu hiện học tập...¶Có thể trôi chảy trình bày tình hình của bản thân và những điều mình biết về các khía cạnh học tập nói trên, trao đổi với bạn học, giáo viên, chuyên gia.¶Có thể đọc hiểu phần giới thiệu và tin tức liên quan đến các nội dung nói trên trên website trường hoặc mạng xã hội trong trường.¶Có thể viết bài giới thiệu tình hình học tập của mình và kế hoạch phát triển chuyên ngành."
6-7,6,7,VII,Nói về đời sống trong trường,"Có thể trong các bối cảnh như buổi giới thiệu trường, tham quan trường... nghe hiểu phần giới thiệu của giáo viên, sinh viên về các tình huống phức tạp liên quan đến hoạt động trong trường và tình hình nhà trường. Ví dụ: lập kế hoạch hoạt động, tổ chức - sắp xếp hoạt động, hoạt động công ích trong trường, lễ kỷ niệm của trường, hoạt động học thuật; tuyển sinh và chọn trường, quản lý sinh viên hằng ngày...¶Có thể trôi chảy giới thiệu về đời sống trong trường nói trên và trao đổi với bạn học, cựu sinh viên.¶Có thể đọc hiểu trên trang web trường hoặc tờ rơi tuyên truyền của trường phần giới thiệu về hoạt động trong trường và quản lý nhà trường nói trên.¶Có thể viết bài giới thiệu và đề xuất (giới thiệu - khuyến nghị) trường của mình, giới thiệu nội dung về hoạt động trong trường và quản lý nhà trường."
6-8,6,8,VIII,Nói về sự kiện giáo dục và quan niệm giáo dục,"Có thể nghe hiểu trong các bối cảnh như chương trình phỏng vấn, buổi giao lưu trực tiếp, giao tiếp thường ngày... phần giới thiệu và thảo luận về các tình huống phức tạp như sự kiện giáo dục, quan niệm giáo dục, vấn đề nóng về giáo dục. Ví dụ: bối cảnh, diễn biến, ảnh hưởng của sự kiện giáo dục; mục đích, nguyên tắc, yêu cầu của quan niệm giáo dục...¶Có thể trôi chảy trình bày nội dung chính của các sự kiện giáo dục, quan niệm giáo dục, vấn đề nóng được công chúng quan tâm, và trao đổi - thảo luận với người khác. Ví dụ: hiện trạng giáo dục tiểu học - trung học, thay đổi trong giáo dục gia đình...¶Có thể đọc hiểu bài giới thiệu và tin tức về các vấn đề giáo dục nói trên.¶Có thể viết bài giới thiệu trải nghiệm liên quan đến sự kiện giáo dục của mình, và nêu quan điểm về quan niệm giáo dục và vấn đề nóng."
6-9,6,9,IX,Nói về nội dung công việc và định vị nghề nghiệp,"Có thể nghe hiểu trong bối cảnh làm việc hằng ngày và giao tiếp thường ngày phần giới thiệu và quan điểm của đồng nghiệp, bạn bè... về các tình huống phức tạp liên quan đến nội dung công việc và định vị nghề nghiệp. Ví dụ: lập kế hoạch công việc, ra quyết định, giao dịch nghiệp vụ, báo cáo công việc, tài chính; vai trò nghề nghiệp, trách nhiệm và chức vụ, giao tiếp nơi làm việc...¶Có thể trôi chảy báo cáo nội dung công việc của mình, và trao đổi với đồng nghiệp, bạn bè về quan điểm nghề nghiệp.¶Có thể đọc hiểu các bài viết, báo cáo công việc liên quan đến nội dung công việc và định vị nghề nghiệp nói trên.¶Có thể viết bản tin công việc ngắn hoặc bài viết về hoạch định nghề nghiệp."
6-10,6,10,X,Nói về tình hình kinh doanh và quản trị,"Có thể nghe hiểu phần giới thiệu của nhà quản lý doanh nghiệp, đồng nghiệp... về tình hình kinh doanh và quản trị như quản lý nhân sự, phát triển doanh nghiệp. Ví dụ: xin việc, chức vụ, vị trí, đánh giá, phúc lợi và đãi ngộ; tình hình thành lập doanh nghiệp, văn hóa doanh nghiệp, cơ hội và triển vọng...¶Có thể trôi chảy giới thiệu cho người khác những điều mình biết về tình hình kinh doanh và quản trị doanh nghiệp nói trên, và trao đổi với đồng nghiệp về quan điểm của mình.¶Có thể đọc hiểu các bài viết mang tính khái quát hoặc thông báo doanh nghiệp, tin tức doanh nghiệp liên quan đến những nội dung nói trên.¶Có thể viết bài giới thiệu một doanh nghiệp hoặc bày tỏ quan điểm của mình về quản trị và điều hành."
6-11,6,11,XI,"Nói về địa lý, khí hậu và tài nguyên thiên nhiên","Có thể nghe hiểu trong các bối cảnh như bài giảng khoa học phổ thông, tham quan bảo tàng, xem chương trình TV về tự nhiên... nội dung chính do chuyên gia, thuyết minh viên, bạn bè giới thiệu về phân vùng địa lý, địa hình địa mạo, hiện tượng tự nhiên, động thực vật, tài nguyên thiên nhiên, quy luật tự nhiên... Ví dụ: Bắc - Nam Cực, bảy châu lục; thảo nguyên, cao nguyên và đặc trưng địa chất - địa mạo của các vùng; hiện tượng khí hậu như sấm sét, bão, cầu vồng; động thực vật, dầu mỏ, kim loại, năng lượng...¶Có thể trôi chảy giới thiệu cho người khác nội dung chính về các tình hình tự nhiên nói trên mà mình biết.¶Có thể đọc hiểu bài phổ thông khoa học và tin tức liên quan đến tình hình tự nhiên nói trên.¶Có thể viết bài giới thiệu điều mình biết về tình hình tự nhiên nói trên hoặc kể câu chuyện về tự nhiên."
6-12,6,12,XII,Nói về vấn đề môi trường,"Có thể nghe hiểu nội dung chính trong phần giới thiệu và đưa tin về vấn đề môi trường như thiên tai, khai thác năng lượng, tiết kiệm năng lượng - bảo vệ môi trường, hạ tầng cơ sở. Ví dụ: lũ lụt, hỏa hoạn, hạn hán; năng lượng gió, nước, điện, mặt trời; phủ xanh, sống ít carbon, giảm carbon - giảm phát thải; cầu, công trình kiến trúc...¶Có thể trôi chảy giới thiệu cho người khác nội dung chính của các vấn đề môi trường nói trên mà mình biết, có thể trao đổi và nêu quan điểm.¶Có thể đọc hiểu bài giới thiệu và tin tức về các vấn đề môi trường nói trên.¶Có thể viết bài giới thiệu tình hình môi trường mà mình biết và nêu quan điểm."
6-13,6,13,XIII,Giới thiệu sản phẩm công nghệ,"Có thể nghe hiểu nội dung chính trong chương trình khoa học phổ thông hoặc giao tiếp hằng ngày về các sản phẩm công nghệ phục vụ đời sống và sản phẩm công nghệ thông tin. Ví dụ: sản phẩm hàng không, sản phẩm năng lượng mới, sản phẩm sức khỏe con người, sản phẩm công nghệ cao; trí tuệ nhân tạo, sản xuất thông minh, thành phố thông minh, thương mại điện tử...¶Có thể trôi chảy giới thiệu cho người khác nội dung chính về phát triển và ứng dụng các sản phẩm công nghệ nói trên mà mình biết, có thể trao đổi và nêu quan điểm.¶Có thể đọc hiểu bài giới thiệu và tin tức phổ biến về các sản phẩm công nghệ nói trên.¶Có thể viết bài giới thiệu tình hình một số sản phẩm công nghệ mà mình biết và bày tỏ quan điểm về phát triển khoa học công nghệ."
6-14,6,14,XIV,Giới thiệu kiến thức khoa học,"Có thể nghe hiểu trong bài giảng khoa học phổ thông hoặc giao tiếp hằng ngày nội dung chính về kiến thức phổ thông khoa học, thành quả nghiên cứu, công tác phổ biến khoa học. Ví dụ: kiến thức thường thức trong đời sống, kiến thức an toàn; nội dung và ảnh hưởng của thành quả nghiên cứu; công việc của người làm phổ biến khoa học và các hoạt động phổ biến khoa học...¶Có thể trôi chảy giới thiệu cho người khác nội dung mà mình biết về kiến thức khoa học và thành quả nghiên cứu nói trên, có thể trao đổi và nêu quan điểm.¶Có thể đọc hiểu các bài viết phổ biến liên quan đến đời sống về kiến thức phổ thông khoa học, thành quả nghiên cứu và công tác phổ biến khoa học.¶Có thể viết bài giới thiệu một kiến thức phổ thông khoa học liên quan đến đời sống mà mình biết."
6-15,6,15,XV,Nói về hiện tượng kinh tế,"Có thể nghe hiểu trong giao tiếp hằng ngày hoặc tin tức nội dung chính về các hiện tượng kinh tế như hoạt động thương mại, đầu tư - quản lý tài chính, tài vụ và tiêu dùng, phát triển kinh tế. Ví dụ: sản xuất và bán hàng của một sản phẩm, đàm phán thương mại, hoạt động giao dịch; nghiệp vụ ngân hàng, cổ phiếu, quỹ, tiết kiệm; hiện trạng tiêu dùng, xu hướng tiêu dùng, bảo vệ quyền lợi người tiêu dùng, tình trạng nợ, tranh chấp kinh tế; hiện trạng kinh tế, khủng hoảng kinh tế, cơ hội tương lai...¶Có thể trôi chảy giới thiệu cho người khác nội dung chính của các hiện tượng kinh tế nói trên mà mình biết, trao đổi và nêu quan điểm.¶Có thể đọc hiểu tin tức và bài viết giới thiệu về các hiện tượng kinh tế nói trên.¶Có thể viết bài giới thiệu tin tức hoặc sự kiện liên quan đến một hiện tượng kinh tế mà mình biết và nêu quan điểm."
6-16,6,16,XVI,Nói về hiện tượng xã hội,"Có thể nghe hiểu trong giao tiếp hằng ngày hoặc tin tức nội dung chính về hiện tượng xã hội như phát triển dân sinh, sự vật mới nổi, trào lưu xu hướng, hoạt động công ích, điểm nóng thời sự. Ví dụ: phúc lợi xã hội, sự kiện y tế công cộng, đảm bảo nhà ở,养老 (chăm sóc người già), hôn nhân, sinh con; sự vật mới như truyền thông mới, văn hóa - du lịch; hình ảnh cá nhân, thẩm mỹ, xu hướng thịnh hành, đạo đức và quan niệm xã hội; quyên góp xã hội, sự nghiệp công ích; người nổi tiếng, sự kiện vi phạm pháp luật - nội quy...¶Có thể trôi chảy giới thiệu cho người khác nội dung chính của các hiện tượng xã hội nói trên mà mình biết, có thể trao đổi và nêu quan điểm.¶Có thể đọc hiểu tin tức và bài viết giới thiệu về các hiện tượng xã hội nói trên.¶Có thể viết bài giới thiệu nội dung chính của một hiện tượng xã hội mà mình biết và nêu quan điểm."
6-17,6,17,XVII,"Nói về loại hình văn nghệ, hoạt động và tác phẩm","Có thể nghe hiểu trong giao tiếp hằng ngày phần giới thiệu của đối phương về loại hình văn nghệ, kiến thức văn nghệ, tác giả sáng tác và tác phẩm, hoạt động văn nghệ. Ví dụ: hội họa, truyện cổ tích, kịch, anime, game kỹ thuật số và tác phẩm; kiến thức hội họa, kiến thức truyện cổ tích, kiến thức anime; họa sĩ - nhà thư pháp, tác giả truyện cổ tích, tác giả kịch, người sáng tạo anime và tác phẩm; triển lãm tranh, hội sách, buổi gặp mặt độc giả...¶Có thể trôi chảy giới thiệu cho người khác những nội dung văn nghệ nói trên mà mình biết, có thể trao đổi và nêu quan điểm.¶Có thể đọc hiểu bài viết mang tính khái quát giới thiệu các nội dung văn nghệ nói trên, hoặc các tác phẩm văn học hiện đại - đương đại tương đối dễ hiểu.¶Có thể viết bài giới thiệu một loại hình văn nghệ, một hoạt động văn nghệ hoặc một tác phẩm văn nghệ mà mình biết, nêu trải nghiệm hoặc đánh giá của mình."
6-18,6,18,XVIII,Nói về môn thể thao và sự kiện thi đấu,"Có thể trong giao tiếp hằng ngày nghe hiểu phần giới thiệu của người khác hoặc các đưa tin thể thao liên quan đến tình hình môn thể thao, giải đấu, sự tích danh nhân thể thao. Ví dụ: đặc điểm các môn như trượt tuyết, trượt băng, thể dục dụng cụ, điền kinh, nhảy cầu, bida, bóng chày; công tác chuẩn bị giải đấu, tình hình sân bãi, địa điểm thi đấu; danh nhân thể thao và câu chuyện phía sau...¶Có thể trôi chảy giới thiệu cho người khác về môn thể thao, giải đấu và danh nhân thể thao mà mình biết, và trao đổi với người khác.¶Có thể đọc hiểu bài viết mang tính khái quát giới thiệu tình hình môn thể thao, giải đấu và danh nhân thể thao.¶Có thể viết bài giới thiệu môn thể thao, giải đấu, danh nhân thể thao và bày tỏ cảm ngộ hoặc đánh giá của mình."
6-19,6,19,XIX,Nói về hoạt động quốc tế và sự kiện giao lưu hữu nghị Trung Quốc - nước ngoài,"Có thể nghe hiểu trong đời sống hằng ngày phần giới thiệu hoặc đưa tin về hoạt động quốc tế và sự kiện giao lưu hữu nghị Trung Quốc - nước ngoài, như hội nghị quốc tế, triển lãm; giao lưu nhân dân, giao lưu văn hóa, hợp tác đa lĩnh vực...¶Có thể trôi chảy giới thiệu cho người khác tình hình hoạt động quốc tế và sự kiện giao lưu hữu nghị Trung Quốc - nước ngoài mà mình biết, có thể trao đổi quan điểm dựa trên hiểu biết của mình.¶Có thể đọc hiểu các bài viết mang tính khái quát về hoạt động quốc tế và sự kiện giao lưu hữu nghị Trung Quốc - nước ngoài nói trên.¶Có thể viết bài giới thiệu hoạt động quốc tế hoặc sự kiện giao lưu hữu nghị Trung Quốc - nước ngoài mà mình biết."
6-20,6,20,XX,Giới thiệu ngôn ngữ và chữ viết Trung Quốc,"Có thể nghe hiểu trong giao tiếp, hoạt động, bài giảng... nội dung chính do bạn bè, diễn giả giới thiệu về một số thơ cổ, hiện tượng ngôn ngữ. Ví dụ: nhà thơ cổ đại, tác phẩm nổi tiếng và câu thơ nổi tiếng; thành ngữ, tục ngữ, phương ngữ...¶Có thể trôi chảy giới thiệu một số thơ cổ thường gặp và hiện tượng ngôn ngữ tiếng Trung.¶Có thể đọc hiểu bài viết phổ thông (mang tính kiến thức nền) giới thiệu và giải thích một số thơ cổ và hiện tượng ngôn ngữ.¶Có thể viết bài giới thiệu thơ cổ Trung Quốc, hoặc thành ngữ, tục ngữ và hiện tượng ngôn ngữ."
6-21,6,21,XXI,Giới thiệu phong tục dân gian cổ đại và cảnh quan nhân văn Trung Quốc,"Có thể trong hoạt động trải nghiệm văn hóa, khóa học văn hóa, bài giảng... nghe hiểu nội dung chính do bạn bè, giáo viên, diễn giả giới thiệu về hiện tượng văn hóa dân tục cổ đại Trung Quốc. Ví dụ: Tết Nguyên Tiêu, Tết Thanh Minh, Tết Đoan Ngọ và phong tục; thần thoại truyền thuyết, truyền thuyết phong vật địa phương; danh thắng - di tích, nhà ở truyền thống, tháp, cầu...¶Có thể trôi chảy giới thiệu một số nội dung chính về văn hóa dân tục cổ đại Trung Quốc nói trên, và trao đổi quan điểm dựa trên hiểu biết của mình.¶Có thể đọc hiểu bài viết phổ thông giới thiệu văn hóa dân tục cổ đại Trung Quốc nói trên.¶Có thể viết bài giới thiệu một phong tục truyền thống nào đó."
6-22,6,22,XXII,Giới thiệu tư tưởng và nghệ thuật truyền thống Trung Quốc,"Có thể trong hoạt động trải nghiệm văn hóa, khóa học văn hóa, bài giảng... nghe hiểu nội dung chính do bạn bè, giáo viên, diễn giả giới thiệu về tư tưởng và nghệ thuật truyền thống Trung Quốc. Ví dụ: tư tưởng và chủ trương của nhân vật tiêu biểu Nho gia, Đạo gia; dân ca truyền thống, tấu hài (相声), hí khúc, thủ công mỹ nghệ và các danh gia - tác phẩm nổi tiếng; các hình tượng thẩm mỹ truyền thống như mai - lan - trúc - cúc...¶Có thể trôi chảy giới thiệu một số nội dung chính về tư tưởng và nghệ thuật truyền thống Trung Quốc nói trên, và trao đổi quan điểm dựa trên hiểu biết của mình.¶Có thể đọc hiểu bài viết phổ thông giới thiệu văn học - nghệ thuật truyền thống Trung Quốc nói trên.¶Có thể viết bài giới thiệu một tư tưởng truyền thống hoặc một loại hình nghệ thuật truyền thống Trung Quốc và nêu quan điểm của mình."
6-23,6,23,XXIII,Giới thiệu lịch sử Trung Quốc,"Có thể trong khóa học văn hóa, bài giảng, giao tiếp thường ngày... nghe hiểu nội dung chính do bạn bè, giáo viên, diễn giả giới thiệu về nhân vật lịch sử, hiện vật, sự kiện, triều đại của lịch sử Trung Quốc. Ví dụ: Tần Thủy Hoàng, Binh Mã Dũng, thời Xuân Thu...¶Có thể trôi chảy giới thiệu cho người khác lịch sử Trung Quốc mà mình biết, và trao đổi quan điểm dựa trên cách hiểu của mình. Ví dụ: Tần Thủy Hoàng thống nhất Trung Quốc, sự phồn vinh của nhà Đường và nhà Tống, việc xây dựng Vạn Lý Trường Thành...¶Có thể đọc hiểu bài viết phổ thông giới thiệu sự kiện lịch sử và sự tích nhân vật lịch sử Trung Quốc.¶Có thể viết bài giới thiệu một nội dung nào đó của lịch sử Trung Quốc và nêu quan điểm của mình."
6-24,6,24,XXIV,Giới thiệu khoa học kỹ thuật cổ đại Trung Quốc,"Có thể trong khóa học văn hóa, bài giảng, giao tiếp thường ngày... nghe hiểu nội dung chính do bạn bè Trung Quốc, giáo viên, diễn giả giới thiệu về thành tựu khoa học kỹ thuật cổ đại, quan niệm khoa học cổ đại và sự tích nhà khoa học cổ đại Trung Quốc. Ví dụ: thành tựu thiên văn, kiến trúc, toán học, bốn phát minh lớn thời cổ đại; quan niệm khoa học của người xưa; sự tích các nhà khoa học cổ đại...¶Có thể trôi chảy giới thiệu cho người khác một số thành tựu khoa học kỹ thuật cổ đại, quan niệm khoa học cổ đại và sự tích nhà khoa học cổ đại mà mình biết, và trao đổi quan điểm dựa trên cách hiểu của mình.¶Có thể đọc hiểu bài viết phổ thông giới thiệu thành tựu khoa học kỹ thuật cổ đại, quan niệm khoa học cổ đại và sự tích nhà khoa học cổ đại Trung Quốc.¶Có thể viết bài giới thiệu một thành tựu khoa học kỹ thuật cổ đại của Trung Quốc và nêu quan điểm của mình."
